case,brain_voxels,core_voxels,support_voxels,seg_voxels_tri,seg_voxels_near,core_brain_frac,seg_brain_frac,dice_tri,recall_tri,precision_tri,dice_near,recall_near,precision_near,dice_support,recall_support,seg_voxels_max,dice_max,recall_max,precision_max,dice_support_max,recall_support_max
Mets_001,43819,11588,66115,16,18,0.26445149364430953,0.0003651384102786463,0.0018958979662185454,0.6875,0.0009492578529513289,0.002067895915905566,0.6666666666666666,0.0010355540214014498,0.0004838880404046514,1.0,86,0.008908685968819599,0.6046511627906976,0.0044874007594062825,0.002598148064228637,1.0
Mets_002,41129,10829,62399,43,45,0.26329353983807047,0.001045491016071385,0.005334805003679176,0.6744186046511628,0.00267799427463293,0.0062534485929740665,0.7555555555555555,0.0031397174254317113,0.0013772781140898754,1.0,131,0.012956204379562044,0.5419847328244275,0.0065564687413426906,0.004189988805373421,1.0
Mets_003,43826,10221,65702,1,4,0.23321772463834253,2.281750559028887e-05,0.0,0.0,0.0,0.0,0.0,0.0,3.044001034960352e-05,1.0,37,0.0,0.0,0.0,0.0011256636091209176,1.0
Mets_004,41381,10936,62699,0,0,0.2642758754017544,0.0,0.0,0.0,0.0,0.0,0.0,0.0,0.0,0.0,16,0.001095690284879474,0.375,0.0005486466715435259,0.0005102447580323686,1.0
Mets_005,42848,9802,64655,36,43,0.2287621359223301,0.0008401792382374906,0.0,0.0,0.0,0.00020314880650076182,0.023255813953488372,0.00010201999591920016,0.0011129832588768144,1.0,248,0.003383084577114428,0.06854838709677419,0.0017343399306264029,0.007642173705375715,1.0
Mets_006,41921,9996,63701,657,664,0.2384485102931705,0.015672336060685577,0.1062611470947151,0.8614916286149162,0.05662264905962385,0.10300187617260788,0.8268072289156626,0.054921968787515006,0.020417042170359553,1.0,1244,0.1402135231316726,0.6334405144694534,0.07883153261304522,0.03830933867118331,1.0
Mets_007,44192,11704,66579,84,91,0.2648443157132513,0.0019007965242577843,0.003902273498473023,0.27380952380952384,0.00196514012303486,0.0035608308605341245,0.23076923076923078,0.0017942583732057417,0.0025201386076234194,1.0,322,0.00848162314984201,0.15838509316770186,0.004357484620642516,0.00962616403342252,1.0
Mets_008,38233,8695,58825,20,21,0.22742133758794758,0.0005231083095754976,0.0,0.0,0.0,0.0,0.0,0.0,0.0006797518905599456,1.0,480,0.01111716621253406,0.10625,0.005865439907993099,0.016187505269370205,1.0
Mets_009,43848,11113,65734,51,48,0.2534437146506112,0.0011631089217296114,0.001970619849516302,0.21568627450980393,0.000989831728606137,0.002508735776364125,0.2916666666666667,0.0012597858364078107,0.001550505434369537,1.0,219,0.00953053300388281,0.2465753424657534,0.004859173940430127,0.0066410928994890305,1.0
Mets_010,42066,9493,64170,2,3,0.22566918651642656,4.754433509247373e-05,0.00042127435492364404,1.0,0.00021068155482987464,0.00042122999157540015,0.6666666666666666,0.00021068155482987464,6.233248145608676e-05,1.0,104,0.01333750130249036,0.6153846153846154,0.0067418097545559885,0.0032361452531350157,1.0
Mets_011,54453,13487,80034,76,76,0.24768148678677024,0.001395699043211577,0.0028017400280174,0.25,0.0014087639949581078,0.0028017400280174,0.25,0.0014087639949581078,0.0018973910872550244,1.0,150,0.003373175918457139,0.15333333333333332,0.0017053458886334989,0.0037413947919784497,1.0
Mets_012,44875,9933,67472,62,66,0.22134818941504178,0.001381615598885794,0.007803901950975488,0.6290322580645161,0.003926306251887647,0.007600760076007601,0.5757575757575758,0.003825631732608477,0.001836112180531288,1.0,222,0.025406203840472673,0.581081081081081,0.012987012987012988,0.0065589269359175115,1.0
Mets_013,45119,10474,68149,2,2,0.23214166980651166,4.4327223564352046e-05,0.0,0.0,0.0,0.0,0.0,0.0,5.8693195991254715e-05,1.0,28,0.0017139592458579318,0.32142857142857145,0.00085927057475654,0.0008213913783240682,1.0
Mets_014,41080,10559,62662,21,20,0.2570350535540409,0.0005111976630963973,0.003780718336483932,0.9523809523809523,0.00189411876124633,0.003781075716041214,1.0,0.00189411876124633,0.0006700381283601614,1.0,78,0.011657422205509072,0.7948717948717948,0.0058717681598636235,0.0024864520242269686,1.0
Mets_015,47095,10242,70679,5,7,0.2174753158509396,0.00010616838305552606,0.0,0.0,0.0,0.0,0.0,0.0,0.00014147473261275537,1.0,58,0.0013592233009708738,0.1206896551724138,0.0006834602616676431,0.0016398772919405686,1.0
Mets_016,37920,8899,58456,12,14,0.2346782700421941,0.00031645569620253165,0.001122208506340478,0.4166666666666667,0.0005618608832453085,0.00044878267698866825,0.14285714285714285,0.0002247443532981234,0.00041048094684271736,1.0,120,0.008204900765051558,0.30833333333333335,0.004157770536015282,0.00409724119093144,1.0
Mets_017,45069,11795,67727,0,1,0.26170982271627946,0.0,0.0,0.0,0.0,0.0,0.0,0.0,0.0,0.0,50,0.0003376952300548755,0.04,0.0001695633743111488,0.0014754267671924105,1.0
Mets_018,45726,11197,68591,335,336,0.24487162664567205,0.007326247649039934,0.030003468609087754,0.5164179104477612,0.015450567116191838,0.029307205410560998,0.5029761904761905,0.01509332857015272,0.00972056988654499,1.0,876,0.05914023026588255,0.4075342465753425,0.031883540233991245,0.025220608346409087,1.0
Mets_019,42828,10164,64855,183,181,0.23732137853740543,0.004272905575791538,0.023001836281047648,0.6502732240437158,0.011707988980716254,0.024359594006766554,0.6961325966850829,0.012396694214876033,0.005627479319782281,1.0,393,0.03296391020176186,0.44274809160305345,0.017119244391971666,0.012046346248160863,1.0
Mets_020,33301,9977,52223,2,1,0.2996006125942164,6.005825650881355e-05,0.0,0.0,0.0,0.0,0.0,0.0,7.659167065581619e-05,1.0,15,0.0,0.0,0.0,0.0005742945748305831,1.0
Mets_021,38852,8459,59631,321,334,0.21772366930917328,0.008262122928034592,0.03143507972665148,0.42990654205607476,0.016313985104622297,0.03002388263391334,0.39520958083832336,0.015604681404421327,0.010708566853482785,1.0,921,0.064818763326226,0.3300760043431053,0.03593805414351578,0.030420134760206104,1.0
Mets_022,40715,11299,61869,95,92,0.27751442957141104,0.002333292398378976,0.012462699666491136,0.7473684210526316,0.006283741924064077,0.011061364234922308,0.6847826086956522,0.005575714665014603,0.0030662965592924926,1.0,322,0.03046209448412357,0.5496894409937888,0.0156651031064696,0.010355196089466322,1.0
Mets_023,49762,12155,73863,26,30,0.24426269040633414,0.0005224870383023191,0.000820950660865282,0.19230769230769232,0.00041135335252982314,0.0013130898645876078,0.26666666666666666,0.0006581653640477169,0.0007037583402130222,1.0,924,0.023549201009251473,0.16666666666666666,0.012669683257918552,0.024710176902402823,1.0
Mets_024,39062,10208,59721,9,8,0.26132814500025603,0.00023040294915774922,0.0,0.0,0.0,0.0,0.0,0.0,0.00030135610246107485,1.0,219,0.014577539081231418,0.3470319634703196,0.007445141065830721,0.007307307307307307,1.0
Mets_025,40462,9434,61825,88,87,0.23315703623152587,0.0021748801344471354,0.0027305187985717286,0.14772727272727273,0.001377994488022048,0.0029408675559289992,0.16091954022988506,0.001483994064023744,0.002842698625490608,1.0,431,0.016421692853522553,0.18793503480278423,0.008585965656137376,0.013846054998714984,1.0
Mets_026,42641,10642,64713,49,57,0.24957200816115946,0.001149128772777374,0.0018707323917313628,0.20408163265306123,0.0009396729937981583,0.0026170670156089354,0.24561403508771928,0.0013155421913174216,0.0015132330687748989,1.0,322,0.01568770521707406,0.2670807453416149,0.008081187746664161,0.009902360267548243,1.0
Mets_027,44804,9715,67563,30,30,0.21683331845370948,0.0006695830729399161,0.0004104669061056952,0.06666666666666667,0.0002058672156459084,0.0008209338122113904,0.13333333333333333,0.0004117344312918168,0.0008876658825618037,1.0,274,0.004404845329862849,0.08029197080291971,0.002264539372104992,0.008078187419844628,1.0
Mets_028,47958,10556,71437,1401,1386,0.22010926227115393,0.029213061428750155,0.10387220874801371,0.44325481798715205,0.058829101932550205,0.10567744096466254,0.45526695526695526,0.05977643046608564,0.03846893105247261,1.0,2275,0.14293507910529188,0.40307692307692305,0.08687002652519894,0.061726720208378556,1.0
Mets_029,48616,12850,72212,264,261,0.26431627447753825,0.005430311008721408,0.009608052463016624,0.23863636363636365,0.00490272373540856,0.008694988940584241,0.21839080459770116,0.00443579766536965,0.007285170263259561,1.0,756,0.021020138174334853,0.18915343915343916,0.0111284046692607,0.02072141212586339,1.0
Mets_030,41537,10152,63403,292,313,0.24440859956183644,0.007029876977152899,0.005744925315970892,0.10273972602739725,0.002955082742316785,0.004586717630195891,0.07667731629392971,0.002364066193853428,0.00916869456001256,1.0,595,0.010049316088210664,0.0907563025210084,0.005319148936170213,0.018594331072846026,1.0
Mets_031,41786,11455,63640,7,12,0.27413487771023787,0.00016752022208395157,0.00017448961786773688,0.14285714285714285,8.729812309035356e-05,0.00017441353449027645,0.08333333333333333,8.729812309035356e-05,0.00021996323471648311,1.0,144,0.00689714630571601,0.2777777777777778,0.003491924923614142,0.004515238931393453,1.0
Mets_032,46153,10624,69537,2,4,0.23019088683292527,4.333412779234286e-05,0.0,0.0,0.0,0.0001881821603312006,0.25,9.412650602409639e-05,5.7521678482578124e-05,1.0,39,0.0018756447528838038,0.2564102564102564,0.0009412650602409639,0.0011210762331838565,1.0
Mets_033,44811,12469,67293,5,8,0.2782575706857691,0.000111579746044498,0.000801667468334135,1.0,0.0004009944662763654,0.0012823595415564638,1.0,0.0006415911460421846,0.0001485928259383637,1.0,42,0.005275357685236992,0.7857142857142857,0.0026465634774240116,0.001247493873914012,1.0
Mets_034,43047,11067,65155,1,1,0.2570910864868632,2.323042256138639e-05,0.0,0.0,0.0,0.0,0.0,0.0,3.069556142181841e-05,1.0,24,0.0,0.0,0.0,0.0007364335138618267,1.0
Mets_035,41554,9924,62980,18,21,0.2388217740771045,0.0004331712951821726,0.0,0.0,0.0,0.0,0.0,0.0,0.0005714467125940506,1.0,67,0.0008007206485837253,0.05970149253731343,0.00040306328093510683,0.0021253985122210413,1.0
Mets_036,38149,9519,58515,5,5,0.24952161262418412,0.00013106503447010408,0.0,0.0,0.0,0.0,0.0,0.0,0.00017088174982911826,1.0,81,0.0,0.0,0.0,0.002764693835756707,1.0
Mets_037,47466,11662,71146,0,1,0.2456916529726541,0.0,0.0,0.0,0.0,0.0001714824659178599,1.0,8.574858514834505e-05,0.0,0.0,11,0.0017133556069562237,0.9090909090909091,0.0008574858514834505,0.0003091754851947103,1.0
Mets_038,43693,9404,66132,69,70,0.21522898404778798,0.0015792003295722428,0.012456455188430275,0.855072463768116,0.006273925988940876,0.011399620012666244,0.7714285714285715,0.0057422373458102935,0.0020845606561834414,1.0,162,0.018189420865565544,0.5370370370370371,0.00925138239047214,0.004887320119467825,1.0
Mets_039,44990,11214,67544,1,4,0.24925539008668593,2.222716159146477e-05,0.0,0.0,0.0,0.0,0.0,0.0,2.9609889703160856e-05,1.0,80,0.0015937666017354348,0.1125,0.0008025682182985554,0.002366023896841358,1.0
Mets_040,45702,12257,68357,35,41,0.2681939521246335,0.0007658308170320774,0.004393101204035145,0.7714285714285715,0.002202822876723505,0.005041470157749228,0.7560975609756098,0.0025291670066084687,0.001023511521815417,1.0,193,0.01927710843373494,0.6217616580310881,0.009790323896548912,0.005630926331145149,1.0
Mets_041,48006,11542,71648,71,82,0.24042827979835854,0.0014789817939424238,0.0017222078704899682,0.14084507042253522,0.0008664009703690869,0.0020646937370956643,0.14634146341463414,0.0010396811644429042,0.001979949525230413,1.0,243,0.0064488756894357235,0.15637860082304528,0.00329232368740253,0.006760234243507532,1.0
Mets_042,43511,10743,65854,37,39,0.2469030819792696,0.0008503596791615913,0.0005565862708719852,0.08108108108108109,0.00027925160569673273,0.0005564830272676684,0.07692307692307693,0.00027925160569673273,0.0011230668831858676,1.0,94,0.003137399649349451,0.18085106382978725,0.0015824257656148189,0.0028507308788742647,1.0
Mets_043,39080,9669,60478,14,15,0.24741555783009211,0.00035823950870010233,0.0008261902303005267,0.2857142857142857,0.0004136932464577516,0.0006195786864931846,0.2,0.00031026993484331366,0.00046287112345434105,1.0,109,0.006749846594395582,0.30275229357798167,0.0034129692832764505,0.003598131612392097,1.0
Mets_044,46313,11191,69888,3,5,0.2416384168591972,6.477662859240385e-05,0.0005360014293371449,1.0,0.00026807255830578144,0.0007145409074669524,0.8,0.0003574300777410419,8.584796325707173e-05,1.0,21,0.0028540849090260435,0.7619047619047619,0.0014297203109641676,0.0006007810153199159,1.0
Mets_045,42942,10570,65229,55,53,0.24614596432397187,0.0012807973545712822,0.0016941176470588236,0.16363636363636364,0.0008514664143803217,0.001317895133201544,0.1320754716981132,0.0006622516556291391,0.0016849457753814105,1.0,524,0.024517757346313323,0.2595419847328244,0.012866603595080416,0.01593843626906757,1.0
Mets_046,47491,12648,71289,220,221,0.2663241456275926,0.0046324566760017685,0.014609884986011812,0.42727272727272725,0.0074320050600885515,0.012743802937291165,0.37104072398190047,0.006483238456672992,0.00615307164133186,1.0,1558,0.09756440940447698,0.444801026957638,0.05479127134724858,0.042774582343816495,1.0
Mets_047,42942,10287,65097,17,16,0.2395556797540869,0.000395882818685669,0.00019409937888198756,0.058823529411764705,9.72100709633518e-05,0.00038823643598951763,0.125,0.0001944201419267036,0.0005221611327825045,1.0,133,0.00345489443378119,0.13533834586466165,0.0017497812773403325,0.0040778782768664725,1.0
Mets_048,53449,13037,78913,23,23,0.24391475986454378,0.00043031675054725063,0.001225114854517611,0.34782608695652173,0.0006136381069264402,0.001225114854517611,0.34782608695652173,0.0006136381069264402,0.0005827505827505828,1.0,173,0.008327024981074944,0.3179190751445087,0.004218761985119276,0.004374984194421263,1.0
Mets_049,45000,11539,67656,178,181,0.2564222222222222,0.003955555555555556,0.019117521549884782,0.6292134831460674,0.009706213710026865,0.017064846416382253,0.5524861878453039,0.008666262241095415,0.005248105669723148,1.0,323,0.023604788399932557,0.43343653250773995,0.012132767137533581,0.00950293472984304,1.0
Mets_050,45137,11128,67871,6,4,0.24653831668032877,0.00013292863947537498,0.0,0.0,0.0,0.0,0.0,0.0,0.00017679037081780278,1.0,24,0.0,0.0,0.0,0.0007069740039767287,1.0
Mets_051,45271,10673,68094,1,3,0.235757990766716,2.2089196174151222e-05,0.0,0.0,0.0,0.00018733608092918696,0.3333333333333333,9.3694368968425e-05,2.9370732065496732e-05,1.0,29,0.0016819286114744907,0.3103448275862069,0.000843249320715825,0.0008514011420518768,1.0
Mets_052,53798,13577,79426,18,23,0.25236997657905497,0.0003345849288077624,0.0010297903641044502,0.3888888888888889,0.0005155778154231421,0.001176470588235294,0.34782608695652173,0.0005892317890550195,0.00045314938824832587,1.0,317,0.01669785518929034,0.3659305993690852,0.008543860941297783,0.007950541113326562,1.0
Mets_053,44242,10686,66619,66,74,0.24153519280321867,0.0014917951268025858,0.004092261904761905,0.3333333333333333,0.002058768482126146,0.002973977695167286,0.21621621621621623,0.0014972861688190156,0.0019794556496963334,1.0,919,0.037914691943127965,0.23939064200217627,0.020587684821261464,0.02721430898161035,1.0
Mets_054,42092,9562,63727,84,91,0.2271690582533498,0.0019956286230162503,0.0012440389798880364,0.07142857142857142,0.0006274837900020916,0.0020718947477468145,0.10989010989010989,0.0010458063166701526,0.002632774913416182,1.0,253,0.0065206316861946,0.12648221343873517,0.003346580213344489,0.00790872147546108,1.0
Mets_055,42507,8753,64330,0,0,0.20591902510174795,0.0,0.0,0.0,0.0,0.0,0.0,0.0,0.0,0.0,10,0.0009129293620906082,0.4,0.0004569861761681709,0.00031084861672365556,1.0
Mets_056,44190,10966,66873,15,15,0.24815569133288073,0.00033944331296673454,0.0018213277479282397,0.6666666666666666,0.0009119095385737735,0.0021855932975138877,0.8,0.0010942914462885281,0.0004485109436670255,1.0,46,0.004358881220486742,0.5217391304347826,0.0021885828925770562,0.0013747963956424931,1.0
Mets_057,38725,10528,59366,0,0,0.27186571981923824,0.0,0.0,0.0,0.0,0.0,0.0,0.0,0.0,0.0,20,0.002844141069397042,0.75,0.0014247720364741641,0.0006735594247802512,1.0
Mets_058,50301,11773,74830,6,8,0.234051012902328,0.00011928192282459593,0.0,0.0,0.0,0.0,0.0,0.0,0.00016035063338500186,1.0,25,0.0,0.0,0.0,0.0006679580522343197,1.0
Mets_059,42110,9393,63610,1,1,0.2230586559012111,2.3747328425552126e-05,0.00021290185224611454,1.0,0.00010646225912913872,0.00021290185224611454,1.0,0.00010646225912913872,3.144110295389162e-05,1.0,37,0.002545068928950159,0.32432432432432434,0.0012775471095496647,0.0011626628120728392,1.0
Mets_060,48403,12410,71984,17,17,0.2563890667933806,0.0003512178997169597,0.0,0.0,0.0,0.0,0.0,0.0,0.0004722156636713379,1.0,125,0.0011168727562824092,0.056,0.0005640612409347301,0.0034669736093968853,1.0
Mets_061,44564,11897,67434,71,67,0.26696436585584776,0.001593214253657661,0.0,0.0,0.0,0.0,0.0,0.0,0.0021035478853418266,1.0,174,0.0,0.0,0.0,0.0051473198438054665,1.0
Mets_062,39161,10005,60008,342,348,0.25548377212022166,0.00873317841730293,0.05470184594568474,0.827485380116959,0.02828585707146427,0.054476963199072734,0.8103448275862069,0.028185907046476763,0.011333885666942833,1.0,740,0.09288040949278735,0.6743243243243243,0.049875062468765614,0.02436294198985975,1.0
Mets_063,38958,11198,59582,13,18,0.28743775347810463,0.000333692694696853,0.0005351886540005352,0.23076923076923078,0.0002679049830326844,0.0005349500713266762,0.16666666666666666,0.0002679049830326844,0.0004362782112593338,1.0,152,0.0074008810572687225,0.27631578947368424,0.0037506697624575818,0.005089228914855861,1.0
Mets_064,46415,12378,69987,20,19,0.26668102983949155,0.00043089518474631047,0.00032263268269075657,0.1,0.00016157699143641945,0.00032265870775187547,0.10526315789473684,0.00016157699143641945,0.0005713714342851429,1.0,373,0.013489138106815152,0.23056300268096513,0.006947810631766037,0.010119386014781125,0.9544235924932976
Mets_065,53660,13597,79321,7,3,0.25339172568020873,0.00013045098770033545,0.00029403116730373417,0.2857142857142857,0.0001470912701331176,0.00014705882352941175,0.3333333333333333,7.35456350665588e-05,0.0001764824526018556,1.0,49,0.002638135717426352,0.3673469387755102,0.0013238214311980584,0.0012347234471462769,1.0
Mets_066,49206,11171,72531,376,372,0.22702515953339023,0.007641344551477462,0.012124361305966919,0.18617021276595744,0.006266225046996688,0.01247509313003552,0.1935483870967742,0.00644526004833945,0.010314510266503903,1.0,712,0.01598922830934949,0.13342696629213482,0.008504162563781219,0.0194421309886269,1.0
Mets_067,45842,12767,68791,0,1,0.27850006544217093,0.0,0.0,0.0,0.0,0.0,0.0,0.0,0.0,0.0,37,0.00359262730396751,0.6216216216216216,0.00180151954257069,0.0010751438368106004,1.0
Mets_068,53037,12887,78487,0,0,0.24298131493108585,0.0,0.0,0.0,0.0,0.0,0.0,0.0,0.0,0.0,17,0.0006199628022318661,0.23529411764705882,0.00031039031582214634,0.0004330989503719556,1.0
Mets_069,39843,9423,60821,11,15,0.2365032753557714,0.0002760836282408453,0.0,0.0,0.0,0.0,0.0,0.0,0.00036165176223040504,1.0,117,0.00440251572327044,0.1794871794871795,0.002228589621139764,0.003839968492566215,1.0
Mets_070,39169,9548,60585,3,3,0.24376420128162576,7.65911818019352e-05,0.00041880431368443097,0.6666666666666666,0.00020946795140343527,0.00020940215684221548,0.3333333333333333,0.00010473397570171764,9.902951079421667e-05,1.0,37,0.004590505998956703,0.5945945945945946,0.002304147465437788,0.0012206789614331432,1.0
Mets_071,37909,8727,58717,60,61,0.23020918515392122,0.0015827376084834735,0.013656538067599864,1.0,0.006875214850464077,0.013654984069185253,0.9836065573770492,0.006875214850464077,0.002041614917399663,1.0,129,0.027777777777777776,0.9534883720930233,0.014094190443451358,0.004384325187778268,1.0
Mets_072,36146,9315,55782,0,0,0.25770486360869804,0.0,0.0,0.0,0.0,0.0,0.0,0.0,0.0,0.0,16,0.0,0.0,0.0,0.0005734972579662354,1.0
Mets_073,49872,11122,74556,0,0,0.22301090792428618,0.0,0.0,0.0,0.0,0.0,0.0,0.0,0.0,0.0,26,0.0023322569070685323,0.5,0.0011688545225678835,0.0006972191681639001,1.0
Mets_074,39086,9325,59754,1,1,0.23857647239420765,2.5584608299646932e-05,0.0,0.0,0.0,0.0,0.0,0.0,3.347000251025019e-05,1.0,20,0.0008560727661851257,0.2,0.0004289544235924933,0.0006691872720580855,1.0
Mets_075,39830,8745,61258,3,3,0.21955812201857897,7.532011046949536e-05,0.0,0.0,0.0,0.0,0.0,0.0,9.794159416268099e-05,1.0,40,0.0013659647125782584,0.15,0.0006861063464837049,0.00130509967698783,1.0
Mets_076,42898,9293,64886,60,61,0.21663014592754906,0.0013986666045037064,0.010050251256281407,0.7833333333333333,0.005057570214139675,0.010690613641223007,0.819672131147541,0.0053803938448294415,0.001847688849197795,1.0,159,0.02031316123571731,0.6037735849056604,0.010330356182072528,0.004888923053270812,1.0
Mets_077,45038,11799,67581,483,484,0.2619787734801723,0.010724277276966118,0.07458068718449763,0.94824016563147,0.03881684888549877,0.07490026866400716,0.9504132231404959,0.03898635477582846,0.014192524682651622,1.0,935,0.10931364850007853,0.7443850267379679,0.05898804983473176,0.02729289509019791,1.0
Mets_078,37627,9006,57994,0,0,0.23934940335397453,0.0,0.0,0.0,0.0,0.0,0.0,0.0,0.0,0.0,6,0.0013315579227696406,1.0,0.0006662225183211193,0.00020689655172413793,1.0
Mets_079,49536,11702,73633,79,79,0.23623223514211886,0.0015947997416020671,0.0071301247771836,0.5316455696202531,0.0035891300632370535,0.007639419404125287,0.569620253164557,0.0038454964963254143,0.0021434773171261122,1.0,258,0.029264214046822744,0.6782945736434108,0.014954708596821057,0.006983259124927258,1.0
Mets_080,42978,10767,65001,29,35,0.2505235236632696,0.0006747638326585695,0.001852537977028529,0.3448275862068966,0.0009287638153617535,0.0022218107757822625,0.34285714285714286,0.0011145165784341043,0.0008918960479778564,1.0,142,0.010083417361811349,0.3873239436619718,0.0051082009844896446,0.004359639562193943,1.0
Mets_081,45926,10115,68879,0,0,0.2202456125070766,0.0,0.0,0.0,0.0,0.0,0.0,0.0,0.0,0.0,9,0.00019755037534571315,0.1111111111111111,9.886307464162135e-05,0.00026129369411218207,1.0
Mets_082,41620,9574,63649,19,20,0.2300336376741951,0.0004565112926477655,0.0,0.0,0.0,0.0,0.0,0.0,0.0005968461393478671,1.0,157,0.0006165861679169664,0.01910828025477707,0.0003133486526007938,0.0049211672883427895,1.0
Mets_083,41994,10423,63606,579,600,0.24820212411296852,0.013787683954850694,0.01054353753862934,0.1001727115716753,0.0055646167130384725,0.010160573346638845,0.09333333333333334,0.005372733378106112,0.01804159850432344,1.0,2442,0.025495530509133307,0.06715806715806716,0.015734433464453614,0.07394622093023256,1.0
Mets_084,44777,10796,67127,339,328,0.24110592491680996,0.007570851106594904,0.049753030983385724,0.8171091445427728,0.025657650981845127,0.05016181229773463,0.850609756097561,0.02584290477954798,0.010049506418047608,1.0,828,0.08551273227804543,0.6002415458937198,0.04603556872915895,0.024369067765433006,1.0
Mets_085,38235,9860,59111,0,1,0.25787890676082126,0.0,0.0,0.0,0.0,0.0,0.0,0.0,0.0,0.0,13,0.0006077180188392585,0.23076923076923078,0.00030425963488843813,0.00043975373790677223,1.0
Mets_086,48168,12368,72293,703,727,0.25676797874107293,0.01459475170237502,0.054318720832377015,0.5049786628733998,0.028703104786545926,0.05177548682703322,0.46629986244841815,0.027409443725743856,0.019261329387911665,1.0,1036,0.0808713816771113,0.5231660231660231,0.04382276843467012,0.028256215139985545,1.0
Mets_087,42330,11325,64060,9,8,0.2675407512402551,0.00021261516654854713,0.0010587612493382743,0.6666666666666666,0.0005298013245033113,0.0012353304508956147,0.875,0.0006181015452538631,0.0002809471039036039,1.0,44,0.0042220072125956545,0.5454545454545454,0.002119205298013245,0.0013727692499688007,1.0
Mets_088,38763,9780,59907,2,2,0.2523024533704822,5.159559373629492e-05,0.0,0.0,0.0,0.0,0.0,0.0,6.676793136256656e-05,1.0,305,0.004164600892414477,0.06885245901639345,0.002147239263803681,0.010130870922739654,1.0
Mets_089,47962,11360,71572,32,34,0.23685417622284308,0.0006671948625995579,0.0,0.0,0.0,0.0,0.0,0.0,0.0008938048153734428,1.0,85,0.0,0.0,0.0,0.00237241302315196,1.0
Mets_090,48037,11544,71455,3,3,0.2403147573745238,6.24518600245644e-05,0.0,0.0,0.0,0.0,0.0,0.0,8.396540625262392e-05,1.0,38,0.0,0.0,0.0,0.0010630411368945211,1.0
Mets_091,36008,8046,55658,1,1,0.22345034436791825,2.7771606309708954e-05,0.0,0.0,0.0,0.0,0.0,0.0,3.593309258161303e-05,1.0,14,0.0,0.0,0.0,0.0005029458255496479,1.0
Mets_092,38881,9552,60009,72,81,0.2456726936035596,0.001851804223142409,0.0020781379883624274,0.1388888888888889,0.0010469011725293131,0.002076196408180214,0.12345679012345678,0.0010469011725293131,0.002396764368103061,1.0,321,0.013774941760356528,0.2118380062305296,0.00711892797319933,0.010641471904525112,1.0
Mets_093,44112,8520,66354,7,6,0.19314472252448314,0.00015868697859992747,0.0,0.0,0.0,0.0,0.0,0.0,0.00021096728500173294,1.0,39,0.0,0.0,0.0,0.0011748226469657946,1.0
Mets_094,44250,10056,66607,6,7,0.2272542372881356,0.00013559322033898305,0.00019876764062810574,0.16666666666666666,9.94431185361973e-05,0.00019874788830368678,0.14285714285714285,9.94431185361973e-05,0.00018014501673847447,1.0,58,0.0031639311844967374,0.27586206896551724,0.0015910898965791568,0.001740043501087527,1.0
Mets_095,40939,10077,62699,34,43,0.24614670607489192,0.0008305039204670364,0.00019780437147660964,0.029411764705882353,9.92358836955443e-05,0.0001976284584980237,0.023255813953488372,9.92358836955443e-05,0.0010839590008448505,1.0,247,0.006005424254165052,0.12550607287449392,0.0030763123945618735,0.00784799669558034,1.0
Mets_096,47845,13480,72046,6,7,0.2817431288535897,0.0001254049534956631,0.0008898116565327006,1.0,0.00044510385756676556,0.001038036627863869,1.0,0.0005192878338278931,0.00016654638316771221,1.0,31,0.0042927984605136554,0.9354838709677419,0.0021513353115727002,0.0008601911844277648,1.0
Mets_097,48501,9882,72739,2,4,0.2037483763221377,4.123626316983155e-05,0.0004046944556859571,1.0,0.00020238818053025704,0.000606918875177018,0.75,0.00030358227079538557,5.498962070909116e-05,1.0,68,0.006834170854271356,0.5,0.0034405990690143697,0.0018679522573378934,1.0
Mets_098,43078,10433,65195,9,9,0.2421885881424393,0.0002089233483448628,0.0011492051331162612,0.6666666666666666,0.0005750982459503498,0.0013407393219689715,0.7777777777777778,0.0006709479536087415,0.00027605668363904056,1.0,77,0.01065651760228354,0.7272727272727273,0.005367583628869932,0.0023593577644319156,1.0
Mets_099,43975,10907,66215,208,227,0.24802728823194997,0.00472996020466174,0.0,0.0,0.0,0.0,0.0,0.0,0.006262890866115652,1.0,438,0.0,0.0,0.0,0.013142694252321726,1.0
Mets_100,41831,9641,63271,118,123,0.23047500657407186,0.0028208744710860366,0.0053284147965980124,0.22033898305084745,0.0026968156830204336,0.006964358869315854,0.2764227642276423,0.003526605123949798,0.00372304343024815,1.0,473,0.018983587106980424,0.2029598308668076,0.00995747329115237,0.014840612449799197,1.0
Mets_101,40076,10008,61616,11,24,0.24972552150913266,0.000274478490867352,0.0005988621618924045,0.2727272727272727,0.00029976019184652276,0.001993620414673046,0.4166666666666667,0.0009992006394884093,0.0003569863858373765,1.0,565,0.03839969734228696,0.35929203539823007,0.020283772981614708,0.018172753735063767,1.0
Mets_102,51839,12022,76334,109,105,0.2319103377765775,0.002102664017438608,0.0049460061000741904,0.27522935779816515,0.002495425054067543,0.004617795002886122,0.26666666666666666,0.0023290633837963733,0.002851798071765891,1.0,377,0.015969029760464555,0.2625994694960212,0.008234902678422891,0.009829098825461798,1.0
Mets_103,52900,11711,78279,52,48,0.22137996219281664,0.0009829867674858222,0.0,0.0,0.0,0.0,0.0,0.0,0.0013276991229525985,1.0,294,0.010828821324448146,0.22108843537414966,0.005550337289727606,0.007483486693902486,1.0
Mets_104,42567,9847,64217,1,1,0.23132943359879718,2.3492376723753143e-05,0.0,0.0,0.0,0.0,0.0,0.0,3.1143916036002365e-05,1.0,11,0.0,0.0,0.0,0.0003425297378090552,1.0
Mets_105,42735,9651,64905,109,124,0.22583362583362585,0.0025506025506025504,0.01372950819672131,0.6146788990825688,0.006942285773494975,0.017391304347826087,0.6854838709677419,0.008807377473836909,0.0033531239425354537,1.0,426,0.03751116403691575,0.44366197183098594,0.019583462853590302,0.013041282086605134,1.0
