case,brain_voxels,core_voxels,seg_voxels,segmax_voxels,core_brain_frac,seg_brain_frac,segmax_brain_frac,recall_core_vs_seg,precision_core_vs_seg,paper_signed_change_core,paper_ratio_core,paper_abschange_core,texture_corr_core,signed_change_seg,abschange_seg,abschange_outside_seg,ratio_seg,texture_corr_seg,signed_change_segmax,abschange_segmax,abschange_outside_segmax,ratio_segmax,texture_corr_segmax
Mets_001,43819,11588,16,86,0.26445149364430953,0.0003651384102786463,0.0019626189552477235,0.6875,0.0009492578529513289,-0.020815551280975342,0.6062992188704437,0.02572241611778736,0.9902910590171814,-0.0746840089559555,0.0746840089559555,0.018252957612276077,0.2444024881288933,0.9955928325653076,-0.038143906742334366,0.040286190807819366,0.018230276182293892,0.45251923343309686,0.9960495829582214
Mets_002,41129,10829,43,131,0.26329353983807047,0.001045491016071385,0.003185100537333755,0.6744186046511628,0.00267799427463293,-0.02121310494840145,0.6032125796251684,0.027298366650938988,0.9889232516288757,-0.029335374012589455,0.03994246572256088,0.01929783821105957,0.48314088431850327,0.9953649640083313,-0.025129394605755806,0.0300263911485672,0.019285209476947784,0.6422753031333917,0.9918794631958008
Mets_003,43826,10221,1,37,0.23321772463834253,2.281750559028887e-05,0.0008442477068406882,0.0,0.0,-0.02058158628642559,0.7458667935022986,0.026257680729031563,0.9873693585395813,-0.005744665861129761,0.005744665861129761,0.021141331642866135,3.6801673333022062,nan,-0.01648811437189579,0.02230815403163433,0.021139994263648987,0.947635301140165,0.9888469576835632
Mets_004,41381,10936,0,16,0.2642758754017544,0.0,0.0003866508784224644,0.0,0.0,-0.024976305663585663,0.3969284587507606,0.03071761690080166,0.9904469847679138,nan,nan,0.017090152949094772,nan,nan,-0.02201181650161743,0.023727409541606903,0.017087586224079132,0.7201623166707435,0.9839680194854736
Mets_005,42848,9802,36,248,0.2287621359223301,0.0008401792382374906,0.00578790141896938,0.0,0.0,-0.019289063289761543,0.7338332604590923,0.026522468775510788,0.9894462823867798,-0.07295316457748413,0.0761369839310646,0.02103169448673725,0.276234930789741,0.9968346953392029,-0.024828115478157997,0.03309531509876251,0.021007046103477478,0.6347438010724051,0.993504524230957
Mets_006,41921,9996,657,1244,0.2384485102931705,0.015672336060685577,0.02967486462632094,0.8614916286149162,0.05662264905962385,-0.023903649300336838,0.5711781231676583,0.028679080307483673,0.9904706478118896,-0.04682890325784683,0.055055394768714905,0.018744274973869324,0.34046209372602143,0.9946050047874451,-0.027749042958021164,0.036834027618169785,0.018774760887026787,0.5097124072786823,0.9945989847183228
Mets_007,44192,11704,84,322,0.2648443157132513,0.0019007965242577843,0.007286386676321506,0.27380952380952384,0.00196514012303486,-0.0193304643034935,0.6897855356214446,0.02547965943813324,0.9898358583450317,-0.05646473914384842,0.05823623389005661,0.019595423713326454,0.33648164389064694,0.9948490858078003,-0.020394762977957726,0.027833573520183563,0.019608942791819572,0.7045068351571929,0.9935145378112793
Mets_008,38233,8695,20,480,0.22742133758794758,0.0005231083095754976,0.012554599429811943,0.0,0.0,-0.01838330365717411,0.7953183448158045,0.024990247562527657,0.9890337586402893,-0.01934262178838253,0.027863744646310806,0.021034900099039078,0.7549200714421608,0.9978596568107605,-0.015047040767967701,0.019321631640195847,0.02106030285358429,1.0899857344227282,0.9912060499191284
Mets_009,43848,11113,51,219,0.2534437146506112,0.0011631089217296114,0.0049945265462506844,0.21568627450980393,0.000989831728606137,-0.02153988555073738,0.5786980875478482,0.02571887895464897,0.9908798933029175,-0.05345023050904274,0.05386415496468544,0.017587440088391304,0.32651473136303777,0.9923602342605591,-0.023661384359002113,0.027909226715564728,0.017576824873685837,0.629785448834503,0.9904978275299072
Mets_010,42066,9493,2,104,0.22566918651642656,4.754433509247373e-05,0.002472305424808634,1.0,0.00021068155482987464,-0.026186270639300346,0.5630999664621184,0.03144592419266701,0.9896731972694397,-0.038585513830184937,0.038585513830184937,0.02080676145851612,0.5392376411024821,nan,-0.026638735085725784,0.03178331255912781,0.020780403167009354,0.6538148951073213,0.9914189577102661
Mets_011,54453,13487,76,150,0.24768148678677024,0.001395699043211577,0.0027546691642333756,0.25,0.0014087639949581078,-0.023360829800367355,0.6108362230402388,0.03194212540984154,0.9900636672973633,-0.038488928228616714,0.048151422291994095,0.022554541006684303,0.4684086145973374,0.9945200085639954,-0.02429530769586563,0.032486483454704285,0.02256292663514614,0.6945327482614577,0.9939685463905334
Mets_012,44875,9933,62,222,0.22134818941504178,0.001381615598885794,0.004947075208913649,0.6290322580645161,0.003926306251887647,-0.020755989477038383,0.6742864847076053,0.0291090477257967,0.9904292821884155,-0.04257464408874512,0.05141342803835869,0.021685412153601646,0.4217849884941056,0.9957256317138672,-0.02841990999877453,0.03902594745159149,0.021640481427311897,0.5545152095065764,0.9943677186965942
Mets_013,45119,10474,2,28,0.23214166980651166,4.4327223564352046e-05,0.0006205811299009287,0.0,0.0,-0.022489244118332863,0.6014535461220182,0.03266618400812149,0.9900533556938171,-0.0543399453163147,0.0543399453163147,0.022668039426207542,0.41715241512033374,nan,-0.02538663148880005,0.04015618935227394,0.022658586502075195,0.5642613720963565,0.9982661008834839
Mets_014,41080,10559,21,78,0.2570350535540409,0.0005111976630963973,0.0018987341772151898,0.9523809523809523,0.00189411876124633,-0.024533996358513832,0.5759054650448241,0.031674932688474655,0.9918085336685181,0.015183215960860252,0.03191746026277542,0.021689333021640778,0.6795444513151484,0.9992142915725708,-0.011629056185483932,0.030985089018940926,0.021676886826753616,0.6995909165696673,0.9966922402381897
Mets_015,47095,10242,5,58,0.2174753158509396,0.00010616838305552606,0.0012315532434441024,0.0,0.0,-0.02479276806116104,0.607556316513512,0.03099956549704075,0.9883373975753784,-0.057044900953769684,0.057044900953769684,0.02147591859102249,0.37647393950998354,0.9919826984405518,-0.03560817614197731,0.03934395685791969,0.021457668393850327,0.5453866389529408,0.9956429600715637
Mets_016,37920,8899,12,120,0.2346782700421941,0.00031645569620253165,0.0031645569620253164,0.4166666666666667,0.0005618608832453085,-0.023209741339087486,0.555934605235503,0.027242597192525864,0.9894065260887146,-0.059923168271780014,0.059923168271780014,0.017974041402339935,0.2999514531811657,0.997707724571228,-0.02333344705402851,0.02618512697517872,0.017960816621780396,0.6859167281795397,0.993354856967926
Mets_017,45069,11795,0,50,0.26170982271627946,0.0,0.0011094100157536223,0.0,0.0,-0.020975060760974884,0.6041478439747044,0.028507985174655914,0.9897019267082214,nan,nan,0.020176419988274574,nan,nan,-0.015328904613852501,0.021970504894852638,0.020174425095319748,0.9182504085304983,0.9956727623939514
Mets_018,45726,11197,335,876,0.24487162664567205,0.007326247649039934,0.019157590867340243,0.5164179104477612,0.015450567116191838,-0.019199250265955925,0.6879680300198056,0.02544431947171688,0.9892110824584961,-0.04191545769572258,0.042535632848739624,0.01927863620221615,0.4532349682152994,0.9884171485900879,-0.024015385657548904,0.027745015919208527,0.01928655616939068,0.6951358840647895,0.989916980266571
Mets_019,42828,10164,183,393,0.23732137853740543,0.004272905575791538,0.009176239843093303,0.6502732240437158,0.011707988980716254,-0.020341675728559494,0.6845321680625422,0.027371270582079887,0.9899024367332458,-0.049517907202243805,0.05242031812667847,0.020650852471590042,0.393947484669692,0.9944800138473511,-0.025593237951397896,0.033544670790433884,0.02066747099161148,0.6161178662544912,0.9928590655326843
Mets_020,33301,9977,2,15,0.2996006125942164,6.005825650881355e-05,0.0004504369238161016,0.0,0.0,-0.02191600389778614,0.5486073146506761,0.035222914069890976,0.9915657043457031,-0.03159819543361664,0.03159819543361664,0.02408655919134617,0.7622764167640091,nan,-0.01768643409013748,0.020499136298894882,0.024088626727461815,1.17510447153622,0.9975315928459167
Mets_021,38852,8459,321,921,0.21772366930917328,0.008262122928034592,0.023705343354267477,0.42990654205607476,0.016313985104622297,-0.024291908368468285,0.5277149061847194,0.034519437700510025,0.9912945032119751,-0.030224919319152832,0.033892035484313965,0.021664952859282494,0.6392343377933009,0.9928522109985352,-0.017187215387821198,0.025416268035769463,0.02167734131217003,0.8528923790724321,0.9926842451095581
Mets_022,40715,11299,95,322,0.27751442957141104,0.002333292398378976,0.007908633181874002,0.7473684210526316,0.006283741924064077,-0.01865253783762455,0.6998296901020797,0.025250881910324097,0.9905549883842468,-0.04502066224813461,0.04721616581082344,0.01971057802438736,0.41745401571486923,0.9944074153900146,-0.0231668408960104,0.028047265484929085,0.01970880851149559,0.7026998236988886,0.9934555888175964
Mets_023,49762,12155,26,924,0.24426269040633414,0.0005224870383023191,0.018568385515051647,0.19230769230769232,0.00041135335252982314,-0.017242876812815666,0.7887736684152673,0.027764970436692238,0.9902191162109375,-0.05825475603342056,0.05825475603342056,0.023314546793699265,0.4002170531848728,0.9966789484024048,-0.024594157934188843,0.029601315036416054,0.023214202374219894,0.7842287528666,0.9927557706832886
Mets_024,39062,10208,9,219,0.26132814500025603,0.00023040294915774922,0.005606471762838564,0.0,0.0,-0.01880303956568241,0.7235292188452076,0.025103099644184113,0.9884553551673889,-0.05669837445020676,0.05669837445020676,0.019968053326010704,0.3521803494304216,0.9927263855934143,-0.024134580045938492,0.026653608307242393,0.019938869401812553,0.7480739257504099,0.9915167093276978
Mets_025,40462,9434,88,431,0.23315703623152587,0.0021748801344471354,0.010651969749394493,0.14772727272727273,0.001377994488022048,-0.02147044986486435,0.6359096882060526,0.027459435164928436,0.9894933104515076,-0.06681264936923981,0.06689400225877762,0.019690092653036118,0.29434765432131765,0.9953812956809998,-0.02607065439224243,0.030496330931782722,0.01967751421034336,0.6452420212241274,0.9958773851394653
Mets_026,42641,10642,49,322,0.24957200816115946,0.001149128772777374,0.007551417649679886,0.20408163265306123,0.0009396729937981583,-0.018912116065621376,0.7743685150207124,0.027231398969888687,0.990601122379303,-0.053886257112026215,0.054378949105739594,0.022584037855267525,0.4153084645191097,0.9970218539237976,-0.026051269844174385,0.033151403069496155,0.022540448233485222,0.6799244118335833,0.9956467747688293
Mets_027,44804,9715,30,274,0.21683331845370948,0.0006695830729399161,0.0061155253995179,0.06666666666666667,0.0002058672156459084,-0.02312302216887474,0.6964509260518672,0.027963656932115555,0.9898592233657837,-0.04712889716029167,0.04730957746505737,0.021298887208104134,0.4502024399570127,0.996341347694397,-0.024991776794195175,0.0294207613915205,0.02126595750451088,0.7228214532422007,0.9937482476234436
Mets_028,47958,10556,1401,2275,0.22010926227115393,0.029213061428750155,0.047437341006714207,0.44325481798715205,0.058829101932550205,-0.0251698549836874,0.6120233719307487,0.02818203531205654,0.9892787337303162,-0.020334642380475998,0.02649216540157795,0.019450092688202858,0.7341828194627062,0.990944504737854,-0.019952502101659775,0.02513774298131466,0.01937984488904476,0.7709460989974379,0.9898005127906799
Mets_029,48616,12850,264,756,0.26431627447753825,0.005430311008721408,0.015550436070429488,0.23863636363636365,0.00490272373540856,-0.019462736323475838,0.6462763396285286,0.02763996832072735,0.9894764423370361,-0.029448892921209335,0.04166076332330704,0.020331798121333122,0.48803229944561616,0.9959172606468201,-0.019363004714250565,0.02830955944955349,0.020323431119322777,0.7178999431460007,0.9947336912155151
Mets_030,41537,10152,292,595,0.24440859956183644,0.007029876977152899,0.014324578087006766,0.10273972602739725,0.002955082742316785,-0.02285531908273697,0.5659745729069168,0.033313147723674774,0.9918590784072876,-0.0038817168679088354,0.02059614285826683,0.022400924935936928,1.0876271877744186,0.9914790987968445,-0.012702557258307934,0.02204623445868492,0.022393207997083664,1.0157384490784118,0.992648720741272
Mets_031,41786,11455,7,144,0.27413487771023787,0.00016752022208395157,0.0034461302828698607,0.14285714285714285,8.729812309035356e-05,-0.02410067804157734,0.4672918526670396,0.04254366457462311,0.9904064536094666,-0.05451842397451401,0.05974805727601051,0.026087485253810883,0.43662482837388067,0.9979426860809326,-0.028817862272262573,0.033775120973587036,0.02606656216084957,0.7717681361151676,0.9936575293540955
Mets_032,46153,10624,2,39,0.23019088683292527,4.333412779234286e-05,0.0008450154919506858,0.0,0.0,-0.0188398789614439,0.7058175346004337,0.029087988659739494,0.9923664331436157,-0.07083962857723236,0.07083962857723236,0.02249850146472454,0.317597676845464,nan,-0.011577710509300232,0.017523666843771935,0.022504806518554688,1.284252132797942,0.9932194948196411
Mets_033,44811,12469,5,42,0.2782575706857691,0.000111579746044498,0.0009372698667737832,1.0,0.0004009944662763654,-0.022395014762878418,0.5703513361988414,0.028505660593509674,0.9883785247802734,-0.03817176818847656,0.03817176818847656,0.019664112478494644,0.5151480639147055,0.9929900169372559,-0.020394137129187584,0.022779062390327454,0.019663257524371147,0.8632162811372186,0.9740084409713745
Mets_034,43047,11067,1,24,0.2570910864868632,2.323042256138639e-05,0.0005575301414732734,0.0,0.0,-0.020023318007588387,0.6330165776005257,0.03353269025683403,0.9912058711051941,-0.014704763889312744,0.014704763889312744,0.024390721693634987,1.6586952281064429,nan,-0.010907790623605251,0.013725721277296543,0.024396445602178574,1.7774253978573988,0.9983694553375244
Mets_035,41554,9924,18,67,0.2388217740771045,0.0004331712951821726,0.0016123598209558648,0.0,0.0,-0.020821386948227882,0.6476297212435456,0.03113575652241707,0.9930828213691711,-0.026902634650468826,0.026902634650468826,0.022782843559980392,0.8468629134649963,0.9957399368286133,-0.009045933373272419,0.014153708703815937,0.02279856614768505,1.6107839029878015,0.9920146465301514
Mets_036,38149,9519,5,81,0.24952161262418412,0.00013106503447010408,0.002123253558415686,0.0,0.0,-0.021824980154633522,0.5791872455859307,0.02821268141269684,0.9907724261283875,-0.02481905184686184,0.02481905184686184,0.019302085041999817,0.7777124267718714,0.999657154083252,-0.01357802003622055,0.016995297744870186,0.01930771954357624,1.1360624470026734,0.993988037109375
Mets_037,47466,11662,0,11,0.2456916529726541,0.0,0.00023174482787679602,0.0,0.0,-0.020928412675857544,0.6714827098376532,0.03188874572515488,0.9902306199073792,nan,nan,0.023986607789993286,nan,nan,0.002619033446535468,0.020582962781190872,0.02398739568889141,1.1654005278001853,0.9984927773475647
Mets_038,43693,9404,69,162,0.21522898404778798,0.0015792003295722428,0.003707687730300048,0.855072463768116,0.006273925988940876,-0.023646751418709755,0.7211458452983733,0.028167257085442543,0.9890502691268921,-0.05953913927078247,0.06075228750705719,0.021941939368844032,0.36117058746627745,0.9899828433990479,-0.030865680426359177,0.03624236211180687,0.021950239315629005,0.6056514541715855,0.9918051362037659
Mets_039,44990,11214,1,80,0.24925539008668593,2.222716159146477e-05,0.0017781729273171815,0.0,0.0,-0.018907805904746056,0.7090113616600509,0.03024519979953766,0.9898675084114075,-0.1246456503868103,0.1246456503868103,0.02363564446568489,0.18962269756174305,nan,-0.027229690924286842,0.030190492048859596,0.023626215755939484,0.7825714041925306,0.9904345273971558
Mets_040,45702,12257,35,193,0.2681939521246335,0.0007658308170320774,0.004223009933919741,0.7714285714285715,0.002202822876723505,-0.017220444977283478,0.690152610485816,0.028530199080705643,0.9919707179069519,-0.06971731781959534,0.06971731781959534,0.022024502977728844,0.31591150759300224,0.9977828860282898,-0.03445429727435112,0.037459176033735275,0.021995725110173225,0.5871919096769279,0.9960950016975403
Mets_041,48006,11542,71,243,0.24042827979835854,0.0014789817939424238,0.005061867266591676,0.14084507042253522,0.0008664009703690869,-0.02104673720896244,0.6485966900332051,0.025444775819778442,0.9887627363204956,-0.028521014377474785,0.02918621152639389,0.018637556582689285,0.6385740254720909,0.9932537078857422,-0.01970229670405388,0.02288391999900341,0.01863163337111473,0.8141801479784117,0.9934102892875671
Mets_042,43511,10743,37,94,0.2469030819792696,0.0008503596791615913,0.00216037323895107,0.08108108108108109,0.00027925160569673273,-0.019923467189073563,0.7665893890127471,0.03420095145702362,0.9911133646965027,-0.05506974458694458,0.05876849219202995,0.02816305309534073,0.47922027679927676,0.9960408210754395,-0.02987578511238098,0.03854899853467941,0.028166648000478745,0.7306713292471008,0.9959010481834412
Mets_043,39080,9669,14,109,0.24741555783009211,0.00035823950870010233,0.002789150460593654,0.2857142857142857,0.0004136932464577516,-0.02100997418165207,0.6097422983277929,0.02837909758090973,0.9902082681655884,-0.057662904262542725,0.057662904262542725,0.02003062330186367,0.3473745132687563,0.9978834986686707,-0.016369391232728958,0.022011447697877884,0.020038088783621788,0.9103485176739944,0.9943928122520447
Mets_044,46313,11191,3,21,0.2416384168591972,6.477662859240385e-05,0.000453436400146827,1.0,0.00026807255830578144,-0.021053345873951912,0.6774466990801501,0.02904479391872883,0.9899828433990479,-0.07639825344085693,0.07639825344085693,0.021936561912298203,0.2871343378193876,0.999596118927002,-0.06521856784820557,0.06560536473989487,0.021920278668403625,0.33412326499990974,0.999068021774292
Mets_045,42942,10570,55,524,0.24614596432397187,0.0012807973545712822,0.012202505705370034,0.16363636363636364,0.0008514664143803217,-0.018460415303707123,0.7944881421741149,0.024348968639969826,0.9907537698745728,-0.06834641098976135,0.06834641098976135,0.02051541954278946,0.3001682055530725,0.9948959350585938,-0.025695739313960075,0.029403535649180412,0.020467640832066536,0.6960945471412057,0.9947052597999573
Mets_046,47491,12648,220,1558,0.2663241456275926,0.0046324566760017685,0.032806215914594344,0.42727272727272725,0.0074320050600885515,-0.023228207603096962,0.46774547746933026,0.027871428057551384,0.9913151264190674,-0.03850262239575386,0.038790855556726456,0.016887200996279716,0.43533974061449704,0.9967237114906311,-0.02113480307161808,0.022998007014393806,0.01678483933210373,0.7298388648024401,0.9928818941116333
Mets_047,42942,10287,17,133,0.2395556797540869,0.000395882818685669,0.003097200875599646,0.058823529411764705,9.72100709633518e-05,-0.025107793509960175,0.5412564354724229,0.03163804113864899,0.9900956749916077,-0.04487510025501251,0.04487510025501251,0.02059192955493927,0.4588720568404562,0.9981198906898499,-0.021123157814145088,0.027057865634560585,0.020581485703587532,0.7606470510851796,0.9948683977127075
Mets_048,53449,13037,23,173,0.24391475986454378,0.00043031675054725063,0.003236730341072798,0.34782608695652173,0.0006136381069264402,-0.02277245745062828,0.6160179330322794,0.03467569500207901,0.9904013276100159,-0.060716431587934494,0.06214629113674164,0.024592379108071327,0.39571756670016334,0.9930481314659119,-0.02346215769648552,0.03202091529965401,0.024584464728832245,0.7677627106773517,0.9944802522659302
Mets_049,45000,11539,178,323,0.2564222222222222,0.003955555555555556,0.007177777777777778,0.6292134831460674,0.009706213710026865,-0.018105031922459602,0.6909436595269716,0.026246678084135056,0.9907968044281006,-0.03770463541150093,0.04323456808924675,0.02012357860803604,0.46545113082883216,0.9971462488174438,-0.020832492038607597,0.0298567283898592,0.020145289599895477,0.6747319845913794,0.9961344599723816
Mets_050,45137,11128,6,24,0.24653831668032877,0.00013292863947537498,0.0005317145579014999,0.0,0.0,-0.023665964603424072,0.5690275363998909,0.03136417269706726,0.9885536432266235,-0.05143364891409874,0.05143364891409874,0.021175535395741463,0.41170587432183775,0.9981110095977783,-0.0186228696256876,0.021083662286400795,0.02117960900068283,1.0045507612946316,0.9962607026100159
Mets_051,45271,10673,1,29,0.235757990766716,2.2089196174151222e-05,0.0006405866890503855,0.0,0.0,-0.016862643882632256,0.6957304644846648,0.030343391001224518,0.991615355014801,-0.09485131502151489,0.09485131502151489,0.023285891860723495,0.2454988827033301,nan,-0.028351467102766037,0.03434907644987106,0.02328038401901722,0.6777586597704466,0.9942145943641663
Mets_052,53798,13577,18,317,0.25236997657905497,0.0003345849288077624,0.005892412357336704,0.3888888888888889,0.0005155778154231421,-0.019785262644290924,0.8136433647067438,0.0251321904361248,0.9884448647499084,-0.06302807480096817,0.06302807480096817,0.021616773679852486,0.34297055317197206,0.9972479343414307,-0.027248628437519073,0.03425409644842148,0.02155580371618271,0.6292912658969306,0.9932906031608582
Mets_053,44242,10686,66,919,0.24153519280321867,0.0014917951268025858,0.02077211699290267,0.3333333333333333,0.002058768482126146,-0.017612958326935768,0.8932825470441356,0.024405771866440773,0.98775315284729,-0.03820713236927986,0.04008007049560547,0.022403962910175323,0.5589801273586028,0.9931978583335876,-0.020361581817269325,0.025808880105614662,0.02235659956932068,0.866236716890984,0.9923306107521057
Mets_054,42092,9562,84,253,0.2271690582533498,0.0019956286230162503,0.006010643352656087,0.07142857142857142,0.0006274837900020916,-0.019029131159186363,0.9371808417595259,0.02378874644637108,0.98940110206604,-0.016400346532464027,0.024117708206176758,0.02263087034225464,0.9383507814585249,0.9940869212150574,-0.01798892952501774,0.024200038984417915,0.022624365985393524,0.9348896503828383,0.9912359118461609
Mets_055,42507,8753,0,10,0.20591902510174795,0.0,0.00023525536970381349,0.0,0.0,-0.02342621050775051,0.7555059389442059,0.03063325770199299,0.9875472187995911,nan,nan,0.024685868993401527,nan,nan,-0.020339805632829666,0.020339805632829666,0.024686889722943306,1.2137229907004217,0.9979967474937439
Mets_056,44190,10966,15,46,0.24815569133288073,0.00033944331296673454,0.001040959493097986,0.6666666666666666,0.0009119095385737735,-0.023732177913188934,0.5870891672593926,0.03339436650276184,0.9905287623405457,-0.07789833098649979,0.07789833098649979,0.02300863154232502,0.2953674520486523,0.9961299896240234,-0.039478398859500885,0.04547152668237686,0.023003876209259033,0.5058962803238034,0.9958050847053528
Mets_057,38725,10528,0,20,0.27186571981923824,0.0,0.0005164622336991608,0.0,0.0,-0.020739706233143806,0.5825389911669943,0.031204821541905403,0.990752100944519,nan,nan,0.021719565615057945,nan,nan,-0.024980107322335243,0.02636854723095894,0.021717162802815437,0.8236010354532397,0.962101399898529
Mets_058,50301,11773,6,25,0.234051012902328,0.00011928192282459593,0.0004970080117691497,0.0,0.0,-0.01717567630112171,0.7758051500611262,0.02312835305929184,0.989418625831604,-0.015424857847392559,0.025991490110754967,0.019155893474817276,0.737006358357684,0.9994631409645081,-0.02697843499481678,0.03711716830730438,0.019147777929902077,0.5158738880986763,0.9990932941436768
Mets_059,42110,9393,1,37,0.2230586559012111,2.3747328425552126e-05,0.0008786511517454287,1.0,0.00010646225912913872,-0.02274239994585514,0.7590934218008454,0.029621249064803123,0.987899899482727,-0.07175558805465698,0.07175558805465698,0.02407589927315712,0.3355264715386104,nan,-0.03915289789438248,0.0394304022192955,0.024063529446721077,0.6102785691327655,0.992974042892456
Mets_060,48403,12410,17,125,0.2563890667933806,0.0003512178997169597,0.0025824845567423505,0.0,0.0,-0.022175434976816177,0.6251502174448035,0.03318148851394653,0.9905007481575012,-0.0412982702255249,0.0412982702255249,0.023926300927996635,0.5793535854489298,0.9974584579467773,-0.024485180154442787,0.029127925634384155,0.023918453603982925,0.821151972996948,0.9915468096733093
Mets_061,44564,11897,71,174,0.26696436585584776,0.001593214253657661,0.003904496903330042,0.0,0.0,-0.021477175876498222,0.6445081935563978,0.03309272602200508,0.9903227090835571,-0.04357994720339775,0.05125093460083008,0.02442641369998455,0.4766042588341195,0.995238184928894,-0.024248789995908737,0.03921729326248169,0.024409692734479904,0.6224216590141909,0.9924127459526062
Mets_062,39161,10005,342,740,0.25548377212022166,0.00873317841730293,0.018896350961415693,0.827485380116959,0.02828585707146427,-0.017537057399749756,0.8137449014934941,0.02125818468630314,0.9900766015052795,-0.05583798140287399,0.058681175112724304,0.017954640090465546,0.3059693343900385,0.9949930310249329,-0.031390946358442307,0.036941710859537125,0.017948197200894356,0.4858518131209055,0.9930894374847412
Mets_063,38958,11198,13,152,0.28743775347810463,0.000333692694696853,0.0039016376610708967,0.23076923076923078,0.0002679049830326844,-0.021661439910531044,0.6440011043135379,0.02940254658460617,0.9904240369796753,-0.03955254331231117,0.04110456258058548,0.021937567740678787,0.5337015251693822,0.9934850931167603,-0.014825928024947643,0.023393329232931137,0.02193828672170639,0.9378009646794325,0.9926459193229675
Mets_064,46415,12378,20,373,0.26668102983949155,0.00043089518474631047,0.00803619519551869,0.1,0.00016157699143641945,-0.018157722428441048,0.6956688950906464,0.021036585792899132,0.9915672540664673,-0.01987931877374649,0.021613601595163345,0.016339540481567383,0.7559841616227356,0.998493492603302,-0.013832942582666874,0.015948062762618065,0.016328690573573112,1.0238667113755804,0.9912582635879517
Mets_065,53660,13597,7,49,0.25339172568020873,0.00013045098770033545,0.0009131569139023481,0.2857142857142857,0.0001470912701331176,-0.018586628139019012,0.6669948025245277,0.029572386294603348,0.9919097423553467,-0.0229752529412508,0.0229752529412508,0.022219868376851082,0.967121817273077,0.9953663945198059,-0.009525238536298275,0.015651028603315353,0.02222597226500511,1.4200965845974487,0.9964033961296082
Mets_066,49206,11171,376,712,0.22702515953339023,0.007641344551477462,0.014469780108116897,0.18617021276595744,0.006266225046996688,-0.024020664393901825,0.6270686521427303,0.030669143423438072,0.9899860620498657,-0.03858375921845436,0.043816760182380676,0.021658940240740776,0.4943072046082069,0.9937523007392883,-0.026971206068992615,0.03486434370279312,0.02163418009877205,0.6205245187804539,0.9928138256072998
Mets_067,45842,12767,0,37,0.27850006544217093,0.0,0.0008071201081977226,0.0,0.0,-0.016736747696995735,0.6047105862889042,0.03648661449551582,0.9921742677688599,nan,nan,0.02608058601617813,nan,nan,-0.012844040989875793,0.03456336259841919,0.02607373334467411,0.7543749040744847,0.9981350302696228
Mets_068,53037,12887,0,17,0.24298131493108585,0.0,0.0003205309500914456,0.0,0.0,-0.02428065799176693,0.5531204565352372,0.03207435458898544,0.9905132055282593,nan,nan,0.021223722025752068,nan,nan,-0.018795806914567947,0.02198743261396885,0.02122347801923752,0.9652549432148807,0.9939588904380798
Mets_069,39843,9423,11,117,0.2365032753557714,0.0002760836282408453,0.0029365258640162636,0.0,0.0,-0.023776186630129814,0.6034765118153985,0.028244173154234886,0.9882386922836304,-0.05851570516824722,0.05851570516824722,0.019682686775922775,0.33636588193426276,0.9983240962028503,-0.023471122607588768,0.026130693033337593,0.019674446433782578,0.7529247849906574,0.993382453918457
Mets_070,39169,9548,3,37,0.24376420128162576,7.65911818019352e-05,0.0009446245755572009,0.6666666666666666,0.00020946795140343527,-0.022142095491290092,0.6235299131887647,0.030198410153388977,0.9901860952377319,-0.07084959000349045,0.07084959000349045,0.02159714512526989,0.3048309118543367,0.9996636509895325,-0.043004609644412994,0.04379614070057869,0.021579932421445847,0.49273593691694173,0.9927149415016174
Mets_071,37909,8727,60,129,0.23020918515392122,0.0015827376084834735,0.0034028858582394682,1.0,0.006875214850464077,-0.026295220479369164,0.532246439872552,0.032341111451387405,0.9894500970840454,-0.0628163143992424,0.06335235387086868,0.02062971517443657,0.3256345488991015,0.9945316910743713,-0.037863198667764664,0.041853077709674835,0.020625095814466476,0.4927975896429414,0.9949153661727905
Mets_072,36146,9315,0,16,0.25770486360869804,0.0,0.00044264925579593867,0.0,0.0,-0.01973322592675686,0.7717306669307683,0.029583970084786415,0.990419328212738,nan,nan,0.024571167305111885,nan,nan,-0.026103051379323006,0.02650066278874874,0.02457031048834324,0.9271583388010558,0.9961151480674744
Mets_073,49872,11122,0,26,0.22301090792428618,0.0,0.0005213346166185435,0.0,0.0,-0.022866105660796165,0.5652936045406807,0.03215017914772034,0.991431474685669,nan,nan,0.021291067823767662,nan,nan,-0.02232106402516365,0.02296745404601097,0.021290192380547523,0.9269722424565052,0.9919978380203247
Mets_074,39086,9325,1,20,0.23857647239420765,2.5584608299646932e-05,0.0005116921659929387,0.0,0.0,-0.019479800015687943,0.5840110581104702,0.03665422648191452,0.991207480430603,-0.04720669984817505,0.04720669984817505,0.025043662637472153,0.5305107689801856,nan,-0.025701189413666725,0.03567401319742203,0.025038788095116615,0.7018775251483631,0.9963111281394958
Mets_075,39830,8745,3,40,0.21955812201857897,7.532011046949536e-05,0.0010042681395932714,0.0,0.0,-0.02264626882970333,0.6953425478725657,0.03040040098130703,0.9910275340080261,-0.10428237915039062,0.10428237915039062,0.02316606603562832,0.22214746368817903,0.9988819360733032,-0.02806655690073967,0.04213949292898178,0.02315310575067997,0.5494395907824565,0.9966198801994324
Mets_076,42898,9293,60,159,0.21663014592754906,0.0013986666045037064,0.003706466501934822,0.7833333333333333,0.005057570214139675,-0.023336652666330338,0.7297016402120168,0.028784368187189102,0.9890338182449341,-0.07218118011951447,0.07242348790168762,0.022619804367423058,0.31232691248077776,0.9957042932510376,-0.04586431011557579,0.05009644106030464,0.022587500512599945,0.4508803426856165,0.9949851036071777
Mets_077,45038,11799,483,935,0.2619787734801723,0.010724277276966118,0.02076024690261557,0.94824016563147,0.03881684888549877,-0.024953003972768784,0.44408492493185664,0.02779136784374714,0.9878240823745728,-0.0490587055683136,0.05077685788273811,0.016017809510231018,0.31545491741970044,0.9924895167350769,-0.02814004197716713,0.03420824557542801,0.016011381521821022,0.4680562026052016,0.9903728365898132
Mets_078,37627,9006,0,6,0.23934940335397453,0.0,0.00015945996226114227,0.0,0.0,-0.017807673662900925,0.7597748235433452,0.02412559650838375,0.9905805587768555,nan,nan,0.01971718855202198,nan,nan,-0.03344021365046501,0.03344021365046501,0.019714999943971634,0.5895596287165911,0.9808169603347778
Mets_079,49536,11702,79,258,0.23623223514211886,0.0015947997416020671,0.005208333333333333,0.5316455696202531,0.0035891300632370535,-0.020318131893873215,0.6501257619686549,0.029777269810438156,0.9926518201828003,-0.04276701435446739,0.0443904809653759,0.02178405597805977,0.49073710183611435,0.9927767515182495,-0.026797670871019363,0.03250925987958908,0.02176414430141449,0.6694752320423971,0.9914934635162354
Mets_080,42978,10767,29,142,0.2505235236632696,0.0006747638326585695,0.003304016008190237,0.3448275862068966,0.0009287638153617535,-0.018566139042377472,0.7119229310106083,0.026458946987986565,0.9907533526420593,-0.053910721093416214,0.053910721093416214,0.02072388119995594,0.38441112972771607,0.9964000582695007,-0.02741471491754055,0.03162387013435364,0.020709732547402382,0.6548765998411115,0.9932648539543152
Mets_081,45926,10115,0,9,0.2202456125070766,0.0,0.00019596742585899056,0.0,0.0,-0.023612134158611298,0.6624480544676588,0.03176898881793022,0.9901317358016968,nan,nan,0.02340760827064514,nan,nan,-0.012440134771168232,0.02611563354730606,0.02340707555413246,0.8962859549906267,0.997919499874115
Mets_082,41620,9574,19,157,0.2300336376741951,0.0004565112926477655,0.0037722248918789043,0.0,0.0,-0.021890325471758842,0.6689515143942167,0.029902677983045578,0.9894282221794128,-0.05841119587421417,0.05841119587421417,0.02226409502327442,0.3811614312985327,0.9964616894721985,-0.014115388505160809,0.02164032869040966,0.022283023223280907,1.0296989265766592,0.9947498440742493
Mets_083,41994,10423,579,2442,0.24820212411296852,0.013787683954850694,0.05815116445206458,0.1001727115716753,0.0055646167130384725,-0.017315849661827087,0.8124235500499519,0.024429721757769585,0.9921624064445496,-0.04546979069709778,0.046874843537807465,0.020622696727514267,0.43995233201964257,0.9960970878601074,-0.020248834043741226,0.02687835693359375,0.020620767027139664,0.7671885256262418,0.9945783615112305
Mets_084,44777,10796,339,828,0.24110592491680996,0.007570851106594904,0.018491636331152153,0.8171091445427728,0.025657650981845127,-0.02200808934867382,0.5934223290579251,0.026234140619635582,0.9893712401390076,-0.06373792886734009,0.06451982259750366,0.017786849290132523,0.27568038122319194,0.9910429120063782,-0.03079172410070896,0.03808164224028587,0.017763352021574974,0.4664544640562651,0.9921314716339111
Mets_085,38235,9860,0,13,0.25787890676082126,0.0,0.0003400026154047339,0.0,0.0,-0.0224310215562582,0.5336471899912342,0.03532412648200989,0.9922111630439758,nan,nan,0.023098791018128395,nan,nan,-0.022868100553750992,0.031181611120700836,0.02309603989124298,0.7406942444968788,0.9968633651733398
Mets_086,48168,12368,703,1036,0.25676797874107293,0.01459475170237502,0.021508055140342135,0.5049786628733998,0.028703104786545926,-0.018900249153375626,0.6534105877476916,0.026641175150871277,0.9891947507858276,-0.015676630660891533,0.02014766074717045,0.01977303810417652,0.9814061469619226,0.9900428056716919,-0.01631409116089344,0.020760536193847656,0.01975524239242077,0.9515766937789977,0.9887502789497375
Mets_087,42330,11325,9,44,0.2675407512402551,0.00021261516654854713,0.0010394519253484526,0.6666666666666666,0.0005298013245033113,-0.017000209540128708,0.785636092776456,0.02435882017016411,0.9897386431694031,-0.06397362798452377,0.06397362798452377,0.02052493393421173,0.3208342965819765,0.9926421642303467,-0.03213569149374962,0.0377161018550396,0.02051629312336445,0.5439664258575301,0.9965161681175232
Mets_088,38763,9780,2,305,0.2523024533704822,5.159559373629492e-05,0.007868328044784975,0.0,0.0,-0.018330711871385574,0.7276129992189703,0.029233593493700027,0.9912030696868896,-0.05373324453830719,0.05373324453830719,0.023278219625353813,0.43321820272286815,nan,-0.015613903291523457,0.01788249798119068,0.023322593420743942,1.3042133959850188,0.9916830062866211
Mets_089,47962,11360,32,85,0.23685417622284308,0.0006671948625995579,0.001772236353780076,0.0,0.0,-0.02221555821597576,0.670411312288431,0.024514630436897278,0.9878664016723633,-0.034097421914339066,0.03472590446472168,0.01833767257630825,0.5280689692312446,0.9980564713478088,-0.012325362302362919,0.02128094807267189,0.018343400210142136,0.8619634871295029,0.9962209463119507
Mets_090,48037,11544,3,38,0.2403147573745238,6.24518600245644e-05,0.0007910568936444824,0.0,0.0,-0.024687081575393677,0.6606885351207615,0.03282416611909866,0.9908652305603027,-0.12383661419153214,0.12383661419153214,0.024356871843338013,0.19668554411271622,0.9820533990859985,-0.032853372395038605,0.03686511516571045,0.024353189393877983,0.6606025583918357,0.9952654242515564
Mets_091,36008,8046,1,14,0.22345034436791825,2.7771606309708954e-05,0.00038880248833592535,0.0,0.0,-0.022050300613045692,0.7499488713007758,0.02595674619078636,0.9879980087280273,-0.09419780969619751,0.09419780969619751,0.020914506167173386,0.2220275209649343,nan,-0.044050998985767365,0.04742690548300743,0.0209062322974205,0.44080953805664147,0.9959276914596558
Mets_092,38881,9552,72,321,0.2456726936035596,0.001851804223142409,0.008255960494843239,0.1388888888888889,0.0010469011725293131,-0.021670227870345116,0.6356001020461622,0.029438383877277374,0.9900540709495544,-0.06400623917579651,0.06439561396837234,0.02126658707857132,0.33024899939639246,0.9968215227127075,-0.028128869831562042,0.03531276434659958,0.021229639649391174,0.601188834751632,0.9953787922859192
Mets_093,44112,8520,7,39,0.19314472252448314,0.00015868697859992747,0.0008841131664853101,0.0,0.0,-0.021685020998120308,0.7643684264458412,0.030955931171774864,0.9890901446342468,-0.07067478448152542,0.07067478448152542,0.02506333403289318,0.3546290832969544,0.9991222023963928,-0.025076119229197502,0.028088783845305443,0.025067901238799095,0.8924523531120684,0.9983079433441162
Mets_094,44250,10056,6,58,0.2272542372881356,0.00013559322033898305,0.0013107344632768362,0.16666666666666666,9.94431185361973e-05,-0.023916151374578476,0.6278167610269104,0.02904108166694641,0.9876863360404968,-0.06641776859760284,0.06641776859760284,0.020682988688349724,0.31140746106149997,0.9967290759086609,-0.034878410398960114,0.03596587851643562,0.02066913992166519,0.574687475303011,0.9957727789878845
Mets_095,40939,10077,34,247,0.24614670607489192,0.0008305039204670364,0.006033366716334058,0.029411764705882353,9.92358836955443e-05,-0.02333664894104004,0.5742699770210974,0.027288487181067467,0.9889991283416748,-0.02498055249452591,0.02648872882127762,0.01852472871541977,0.6993438167761149,0.9966803193092346,-0.015910351648926735,0.02013663575053215,0.018517956137657166,0.9196151912897264,0.993663489818573
Mets_096,47845,13480,6,31,0.2817431288535897,0.0001254049534956631,0.0006479255930609259,1.0,0.00044510385756676556,-0.02220546454191208,0.5192112606827886,0.02669356018304825,0.990032970905304,-0.06558629125356674,0.06558629125356674,0.017472051084041595,0.2663979125834688,0.9995768070220947,-0.028080608695745468,0.03160180151462555,0.017468927428126335,0.5527826450033738,0.9967513084411621
Mets_097,48501,9882,2,68,0.2037483763221377,4.123626316983155e-05,0.0014020329477742728,1.0,0.00020238818053025704,-0.019177567213773727,0.8072003058402019,0.026183228939771652,0.9927929043769836,-0.0551840215921402,0.0551840215921402,0.022162294015288353,0.4016070843674232,nan,-0.023765362799167633,0.026228167116642,0.022157950326800346,0.8448150504859692,0.9936912655830383
Mets_098,43078,10433,9,77,0.2421885881424393,0.0002089233483448628,0.0017874553136171597,0.6666666666666666,0.0005750982459503498,-0.027383513748645782,0.29806850731207407,0.032003190368413925,0.9881430268287659,-0.04726117104291916,0.04726117104291916,0.014984006993472576,0.3170468835794439,0.9933450222015381,-0.02657097578048706,0.02871483564376831,0.014966175891458988,0.5212001237662297,0.9902600049972534
Mets_099,43975,10907,208,438,0.24802728823194997,0.00472996020466174,0.009960204661739625,0.0,0.0,-0.019363878294825554,0.7167643535570253,0.024444857612252235,0.9894853234291077,-0.0025023093912750483,0.017038045451045036,0.01924891583621502,1.1297607986504332,0.993611216545105,-0.006086934823542833,0.016888447105884552,0.019262099638581276,1.1405488922584042,0.9939374923706055
Mets_100,41831,9641,118,473,0.23047500657407186,0.0028208744710860366,0.011307403600200808,0.22033898305084745,0.0026968156830204336,-0.02390948310494423,0.6539865892217758,0.02842695452272892,0.9876285791397095,-0.042516499757766724,0.051406875252723694,0.02077140472829342,0.40405888562917247,0.9961602687835693,-0.022901466116309166,0.030544722452759743,0.02074703946709633,0.6792348334211763,0.9931707382202148
Mets_101,40076,10008,11,565,0.24972552150913266,0.000274478490867352,0.014098213394550354,0.2727272727272727,0.00029976019184652276,-0.022503826767206192,0.548080740575944,0.029922809451818466,0.9907265901565552,-0.048176124691963196,0.048176124691963196,0.019769281148910522,0.41035432541149286,0.998603880405426,-0.019797353073954582,0.022975148633122444,0.019728349521756172,0.8586821281022975,0.9900151491165161
Mets_102,51839,12022,109,377,0.2319103377765775,0.002102664017438608,0.007272516830957388,0.27522935779816515,0.002495425054067543,-0.02488253079354763,0.5993960112949375,0.030871761962771416,0.989919126033783,-0.04691896215081215,0.04882749170064926,0.021314676851034164,0.4365302436936514,0.9944347143173218,-0.02186073549091816,0.02814965322613716,0.02132287807762623,0.7574827976149908,0.9935528039932251
Mets_103,52900,11711,52,294,0.22137996219281664,0.0009829867674858222,0.00555765595463138,0.0,0.0,-0.020784752443432808,0.7361644768561575,0.02827949821949005,0.9887493252754211,-0.05820489674806595,0.05820489674806595,0.02243494801223278,0.3854477761439935,0.9928982257843018,-0.02555638551712036,0.030896371230483055,0.022421738132834435,0.7257078174511524,0.9918583631515503
Mets_104,42567,9847,1,11,0.23132943359879718,2.3492376723753143e-05,0.00025841614396128454,0.0,0.0,-0.020026586949825287,0.716515272688208,0.023407023400068283,0.9904024004936218,-0.05629563331604004,0.05629563331604004,0.018305592238903046,0.325168954688486,nan,-0.02375618927180767,0.026801835745573044,0.018304284662008286,0.6829489157298365,0.9980821013450623
Mets_105,42735,9651,109,426,0.22583362583362585,0.0025506025506025504,0.009968409968409968,0.6146788990825688,0.006942285773494975,-0.023245781660079956,0.5720241090243897,0.031754788011312485,0.9884302616119385,-0.019606633111834526,0.026742899790406227,0.021219560876488686,0.7934652204059416,0.9867432713508606,-0.02245718613266945,0.028311077505350113,0.021162385120987892,0.747494867229575,0.9879419803619385
