case,variant,soft_iou,hard_iou,tex_corr,lesion_change,resid_mean_abs,psnr_brain_target
Mets_001,dit_seedA,0.9750335812568665,0.983272910118103,0.9798076748847961,-0.022468268871307373,0.038714442402124405,32.7702713863864
Mets_001,dit_seedB,0.9750335812568665,0.983272910118103,0.9798076748847961,-0.022468268871307373,0.03870735317468643,32.7702713863864
Mets_001,frozen,0.9750335812568665,0.983272910118103,0.9798076748847961,-0.022468268871307373,0.03871019184589386,32.7702713863864
Mets_001,shuffled,0.9750335812568665,0.983272910118103,0.9798076748847961,-0.022468268871307373,0.038714442402124405,32.7702713863864
Mets_001,identity,0.9751215577125549,0.9806337952613831,0.9751670360565186,-0.010051906108856201,0.0,34.280191255466825
Mets_001,noise,0.9710022807121277,0.9773321747779846,0.9482604265213013,-0.006831228733062744,0.47246602177619934,33.58672089586262
Mets_001,mean_latent,0.9750335812568665,0.983272910118103,0.9798076748847961,-0.022468268871307373,0.0386970154941082,32.7702713863864
Mets_002,dit_seedA,0.9718365669250488,0.9802832007408142,0.9818925857543945,-0.02478647232055664,0.04153352975845337,32.13847966995179
Mets_002,dit_seedB,0.9718365669250488,0.9802832007408142,0.9818925857543945,-0.02478647232055664,0.04152641445398331,32.13847966995179
Mets_002,frozen,0.9718365669250488,0.9802832007408142,0.9818925857543945,-0.02478647232055664,0.04152926057577133,32.13847966995179
Mets_002,shuffled,0.9718365669250488,0.9802832007408142,0.9818925857543945,-0.02478647232055664,0.041533488780260086,32.13847966995179
Mets_002,identity,0.9718915224075317,0.9781944751739502,0.9775869250297546,-0.011874198913574219,0.0,33.5042758434882
Mets_002,noise,0.9690409302711487,0.974870502948761,0.9535192251205444,-0.009047865867614746,0.47109469771385193,32.79631594557176
Mets_002,mean_latent,0.9718365669250488,0.9802832007408142,0.9818925857543945,-0.02478647232055664,0.04151606559753418,32.13847966995179
Mets_003,dit_seedA,0.9860900044441223,0.9919736981391907,0.97979736328125,-0.021824568510055542,0.05393078923225403,30.841017256700297
Mets_003,dit_seedB,0.9860900044441223,0.9919736981391907,0.97979736328125,-0.021824568510055542,0.053923361003398895,30.841017256700297
Mets_003,frozen,0.9860900044441223,0.9919736981391907,0.97979736328125,-0.021824568510055542,0.05392628163099289,30.841017256700297
Mets_003,shuffled,0.9860900044441223,0.9919736981391907,0.97979736328125,-0.021824568510055542,0.05393050238490105,30.841017256700297
Mets_003,identity,0.9850529432296753,0.9900720715522766,0.9765799641609192,-0.008806467056274414,0.0,31.701517236665488
Mets_003,noise,0.9837753176689148,0.9891776442527771,0.9593787789344788,-0.009243488311767578,0.468173623085022,31.01451247141967
Mets_003,mean_latent,0.9860900044441223,0.9919736981391907,0.97979736328125,-0.021824568510055542,0.05391303077340126,30.841017256700297
Mets_004,dit_seedA,0.9831069111824036,0.9862001538276672,0.9812391996383667,-0.020632147789001465,0.05749509856104851,30.678968120454417
Mets_004,dit_seedB,0.9831069111824036,0.9862001538276672,0.9812391996383667,-0.020632147789001465,0.057487644255161285,30.678968120454417
Mets_004,frozen,0.9831069111824036,0.9862001538276672,0.9812391996383667,-0.020632147789001465,0.05749061703681946,30.678968120454417
Mets_004,shuffled,0.9831069111824036,0.9862001538276672,0.9812391996383667,-0.020632147789001465,0.0574951134622097,30.678968120454417
Mets_004,identity,0.9815355539321899,0.9837906956672668,0.9787571430206299,-0.008811593055725098,0.0,31.495332259003096
Mets_004,noise,0.9799704551696777,0.9815512895584106,0.9650279879570007,-0.009776473045349121,0.4679003953933716,30.918702232537964
Mets_004,mean_latent,0.9831069111824036,0.9862001538276672,0.9812391996383667,-0.020632147789001465,0.057477351278066635,30.678968120454417
Mets_005,dit_seedA,0.9840473532676697,0.9868783950805664,0.9810314774513245,-0.026188433170318604,0.06454986333847046,29.53588753714393
Mets_005,dit_seedB,0.9840473532676697,0.9868783950805664,0.9810314774513245,-0.026188433170318604,0.06454233080148697,29.53588753714393
Mets_005,frozen,0.9840473532676697,0.9868783950805664,0.9810314774513245,-0.026188433170318604,0.06454529613256454,29.53588753714393
Mets_005,shuffled,0.9840473532676697,0.9868783950805664,0.9810314774513245,-0.026188433170318604,0.06454985588788986,29.53588753714393
Mets_005,identity,0.9823898077011108,0.9843666553497314,0.9787057042121887,-0.012592434883117676,0.0,30.281632533187768
Mets_005,noise,0.980927586555481,0.9824414253234863,0.9671517610549927,-0.016251027584075928,0.4666210412979126,29.606673536467305
Mets_005,mean_latent,0.9840473532676697,0.9868783950805664,0.9810314774513245,-0.026188433170318604,0.06453211605548859,29.53588753714393
Mets_006,dit_seedA,0.9740144610404968,0.9796841740608215,0.9814563393592834,-0.02346336841583252,0.04288163036108017,31.896155001043454
Mets_006,dit_seedB,0.9740144610404968,0.9796841740608215,0.9814563393592834,-0.02346336841583252,0.042874425649642944,31.896155001043454
Mets_006,frozen,0.9740144610404968,0.9796841740608215,0.9814563393592834,-0.02346336841583252,0.04287733882665634,31.896155001043454
Mets_006,shuffled,0.9740144610404968,0.9796841740608215,0.9814563393592834,-0.02346336841583252,0.0428818017244339,31.896155001043454
Mets_006,identity,0.9726061224937439,0.9752048850059509,0.9772738814353943,-0.010831952095031738,0.0,33.05921963564693
Mets_006,noise,0.969150722026825,0.9707594513893127,0.955176830291748,-0.008385717868804932,0.4705516993999481,32.41844365205751
Mets_006,mean_latent,0.9740144610404968,0.9796841740608215,0.9814563393592834,-0.02346336841583252,0.042864058166742325,31.896155001043454
Mets_007,dit_seedA,0.9805135726928711,0.9854945540428162,0.9822343587875366,-0.020605266094207764,0.06451991945505142,31.000017236844933
Mets_007,dit_seedB,0.9805135726928711,0.9854945540428162,0.9822343587875366,-0.020605266094207764,0.06451235711574554,31.000017236844933
Mets_007,frozen,0.9805135726928711,0.9854945540428162,0.9822343587875366,-0.020605266094207764,0.06451550126075745,31.000017236844933
Mets_007,shuffled,0.9805135726928711,0.9854945540428162,0.9822343587875366,-0.020605266094207764,0.06451959908008575,31.000017236844933
Mets_007,identity,0.9778963923454285,0.9813143014907837,0.9791367650032043,-0.0089244544506073,0.0,31.804177512625774
Mets_007,noise,0.9752601385116577,0.9778386950492859,0.9632670879364014,-0.007613062858581543,0.45866549015045166,31.24323298777516
Mets_007,mean_latent,0.9805135726928711,0.9854945540428162,0.9822343587875366,-0.020605266094207764,0.06450201570987701,31.000017236844933
Mets_008,dit_seedA,0.9875050783157349,0.9927654266357422,0.9803575277328491,-0.018460124731063843,0.05763006955385208,31.690583282358837
Mets_008,dit_seedB,0.9875050783157349,0.9927654266357422,0.9803575277328491,-0.018460124731063843,0.05762273073196411,31.690583282358837
Mets_008,frozen,0.9875050783157349,0.9927654266357422,0.9803575277328491,-0.018460124731063843,0.05762571468949318,31.690583282358837
Mets_008,shuffled,0.9875050783157349,0.9927654266357422,0.9803575277328491,-0.018460124731063843,0.05763033777475357,31.690583282358837
Mets_008,identity,0.986240029335022,0.9898090958595276,0.9767493605613708,-0.006201744079589844,0.0,32.740837303095766
Mets_008,noise,0.9846422076225281,0.9878069162368774,0.9564456343650818,-0.0049918293952941895,0.4640139937400818,32.084700827240646
Mets_008,mean_latent,0.9875050783157349,0.9927654266357422,0.9803575277328491,-0.018460124731063843,0.05761243402957916,31.690583282358837
Mets_009,dit_seedA,0.9859727621078491,0.9879307150840759,0.9815667867660522,-0.019929111003875732,0.07048023492097855,29.932149639674833
Mets_009,dit_seedB,0.9859727621078491,0.9879307150840759,0.9815667867660522,-0.019929111003875732,0.07047274708747864,29.932149639674833
Mets_009,frozen,0.9859727621078491,0.9879307150840759,0.9815667867660522,-0.019929111003875732,0.07047559320926666,29.932149639674833
Mets_009,shuffled,0.9859727621078491,0.9879307150840759,0.9815667867660522,-0.019929111003875732,0.07048025727272034,29.932149639674833
Mets_009,identity,0.9848588705062866,0.9858320951461792,0.9797258973121643,-0.007161140441894531,0.0,30.59667261386234
Mets_009,noise,0.9838119745254517,0.9844393134117126,0.9697967171669006,-0.011790215969085693,0.46705541014671326,29.933030244946075
Mets_009,mean_latent,0.9859727621078491,0.9879307150840759,0.9815667867660522,-0.019929111003875732,0.07046262919902802,29.932149639674833
Mets_010,dit_seedA,0.9867163896560669,0.9882352948188782,0.9801458716392517,-0.023762404918670654,0.06299258023500443,31.68698176982694
Mets_010,dit_seedB,0.9867163896560669,0.9882352948188782,0.9801458716392517,-0.023762404918670654,0.06298506259918213,31.68698176982694
Mets_010,frozen,0.9867163896560669,0.9882352948188782,0.9801458716392517,-0.023762404918670654,0.06298808753490448,31.68698176982694
Mets_010,shuffled,0.9867163896560669,0.9882352948188782,0.9801458716392517,-0.023762404918670654,0.06299233436584473,31.68698176982694
Mets_010,identity,0.984920859336853,0.984979510307312,0.9767104983329773,-0.010801255702972412,0.0,32.84927881219859
Mets_010,noise,0.9830108284950256,0.9823540449142456,0.9561398029327393,-0.011493444442749023,0.4627058506011963,32.10097975005862
Mets_010,mean_latent,0.9867163896560669,0.9882352948188782,0.9801458716392517,-0.023762404918670654,0.0629747286438942,31.68698176982694
Mets_011,dit_seedA,0.9825322031974792,0.9854905009269714,0.9812217354774475,-0.018549442291259766,0.06472707539796829,31.056800822528704
Mets_011,dit_seedB,0.9825322031974792,0.9854905009269714,0.9812217354774475,-0.018549442291259766,0.06471944600343704,31.056800822528704
Mets_011,frozen,0.9825322031974792,0.9854905009269714,0.9812217354774475,-0.018549442291259766,0.06472247838973999,31.056800822528704
Mets_011,shuffled,0.9825322031974792,0.9854905009269714,0.9812217354774475,-0.018549442291259766,0.06472691893577576,31.056800822528704
Mets_011,identity,0.9803593754768372,0.9821383953094482,0.9786394834518433,-0.006731390953063965,0.0,31.805716237504505
Mets_011,noise,0.9783977270126343,0.9799315333366394,0.9645018577575684,-0.00703805685043335,0.46213310956954956,31.21691194511861
Mets_011,mean_latent,0.9825322031974792,0.9854905009269714,0.9812217354774475,-0.018549442291259766,0.06470906734466553,31.056800822528704
Mets_012,dit_seedA,0.9764075875282288,0.9824603199958801,0.9799273610115051,-0.024057745933532715,0.04537453502416611,32.08529733654523
Mets_012,dit_seedB,0.9764075875282288,0.9824603199958801,0.9799273610115051,-0.024057745933532715,0.045367300510406494,32.08529733654523
Mets_012,frozen,0.9764075875282288,0.9824603199958801,0.9799273610115051,-0.024057745933532715,0.04537022486329079,32.08529733654523
Mets_012,shuffled,0.9764075875282288,0.9824603199958801,0.9799273610115051,-0.024057745933532715,0.045374900102615356,32.08529733654523
Mets_012,identity,0.9751189947128296,0.9786466360092163,0.9756943583488464,-0.011482447385787964,0.0,33.34990157019991
Mets_012,noise,0.9721648693084717,0.9746497273445129,0.9538233280181885,-0.009419113397598267,0.4692772328853607,32.714857367421544
Mets_012,mean_latent,0.9764075875282288,0.9824603199958801,0.9799273610115051,-0.024057745933532715,0.04535689204931259,32.08529733654523
Mets_013,dit_seedA,0.9814684987068176,0.9827783703804016,0.9836108684539795,-0.02173370122909546,0.06937085092067719,29.490892108232302
Mets_013,dit_seedB,0.9814684987068176,0.9827783703804016,0.9836108684539795,-0.02173370122909546,0.06936332583427429,29.490892108232302
Mets_013,frozen,0.9814684987068176,0.9827783703804016,0.9836108684539795,-0.02173370122909546,0.06936635076999664,29.490892108232302
Mets_013,shuffled,0.9814684987068176,0.9827783703804016,0.9836108684539795,-0.02173370122909546,0.06937068700790405,29.490892108232302
Mets_013,identity,0.9793776869773865,0.9797748923301697,0.9813809394836426,-0.008979380130767822,0.0,30.085510544989926
Mets_013,noise,0.9774928689002991,0.9773113131523132,0.9696608781814575,-0.010331511497497559,0.46148544549942017,29.489032265634087
Mets_013,mean_latent,0.9814684987068176,0.9827783703804016,0.9836108684539795,-0.02173370122909546,0.06935305148363113,29.490892108232302
Mets_014,dit_seedA,0.9799172282218933,0.983441948890686,0.9823876619338989,-0.02228391170501709,0.046910323202610016,30.36576474586498
Mets_014,dit_seedB,0.9799172282218933,0.983441948890686,0.9823876619338989,-0.02228391170501709,0.046903081238269806,30.36576474586498
Mets_014,frozen,0.9799172282218933,0.983441948890686,0.9823876619338989,-0.02228391170501709,0.0469060018658638,30.36576474586498
Mets_014,shuffled,0.9799172282218933,0.983441948890686,0.9823876619338989,-0.02228391170501709,0.04691052809357643,30.36576474586498
Mets_014,identity,0.9776830077171326,0.9799144864082336,0.979674756526947,-0.010003924369812012,0.0,31.133402082190244
Mets_014,noise,0.9754467606544495,0.9769506454467773,0.9657052755355835,-0.009799182415008545,0.47147148847579956,30.567761297866948
Mets_014,mean_latent,0.9799172282218933,0.983441948890686,0.9823876619338989,-0.02228391170501709,0.04689273238182068,30.36576474586498
Mets_015,dit_seedA,0.9864999651908875,0.9910238981246948,0.9801385402679443,-0.021438956260681152,0.056592050939798355,30.978212857314155
Mets_015,dit_seedB,0.9864999651908875,0.9910238981246948,0.9801385402679443,-0.021438956260681152,0.05658461153507233,30.978212857314155
Mets_015,frozen,0.9864999651908875,0.9910238981246948,0.9801385402679443,-0.021438956260681152,0.05658755078911781,30.978212857314155
Mets_015,shuffled,0.9864999651908875,0.9910238981246948,0.9801385402679443,-0.021438956260681152,0.05659191682934761,30.978212857314155
Mets_015,identity,0.9852515459060669,0.9890080690383911,0.9776182770729065,-0.009343147277832031,0.0,31.84598254462314
Mets_015,noise,0.9839001297950745,0.9873969554901123,0.9619884490966797,-0.009915471076965332,0.4673520028591156,31.219774258843913
Mets_015,mean_latent,0.9864999651908875,0.9910238981246948,0.9801385402679443,-0.021438956260681152,0.056574322283267975,30.978212857314155
Mets_016,dit_seedA,0.9879400134086609,0.9892333149909973,0.9771470427513123,-0.025703072547912598,0.06403674185276031,29.813080108465265
Mets_016,dit_seedB,0.9879400134086609,0.9892333149909973,0.9771470427513123,-0.025703072547912598,0.064029261469841,29.813080108465265
Mets_016,frozen,0.9879400134086609,0.9892333149909973,0.9771470427513123,-0.025703072547912598,0.06403212249279022,29.813080108465265
Mets_016,shuffled,0.9879400134086609,0.9892333149909973,0.9771470427513123,-0.025703072547912598,0.06403674185276031,29.813080108465265
Mets_016,identity,0.9866348505020142,0.9873978495597839,0.973964273929596,-0.01281595230102539,0.0,30.514753368739818
Mets_016,noise,0.9854394197463989,0.9854327440261841,0.9624915719032288,-0.016929030418395996,0.4686477780342102,29.893238820862674
Mets_016,mean_latent,0.9879400134086609,0.9892333149909973,0.9771470427513123,-0.025703072547912598,0.06401901692152023,29.813080108465265
Mets_017,dit_seedA,0.9846642017364502,0.9894933104515076,0.9801331162452698,-0.020652413368225098,0.053964268416166306,30.30399552398338
Mets_017,dit_seedB,0.9846642017364502,0.9894933104515076,0.9801331162452698,-0.020652413368225098,0.053956858813762665,30.30399552398338
Mets_017,frozen,0.9846642017364502,0.9894933104515076,0.9801331162452698,-0.020652413368225098,0.05395978316664696,30.30399552398338
Mets_017,shuffled,0.9846642017364502,0.9894933104515076,0.9801331162452698,-0.020652413368225098,0.053964290767908096,30.30399552398338
Mets_017,identity,0.9830121397972107,0.987145721912384,0.977627158164978,-0.008906185626983643,0.0,31.03088217682027
Mets_017,noise,0.981463611125946,0.9850043058395386,0.9641488790512085,-0.00983363389968872,0.4696663022041321,30.447033409679577
Mets_017,mean_latent,0.9846642017364502,0.9894933104515076,0.9801331162452698,-0.020652413368225098,0.05394656956195831,30.30399552398338
Mets_018,dit_seedA,0.9868528246879578,0.9911766648292542,0.9804489612579346,-0.01966559886932373,0.061187468469142914,31.09348612396206
Mets_018,dit_seedB,0.9868528246879578,0.9911766648292542,0.9804489612579346,-0.01966559886932373,0.06118001788854599,31.09348612396206
Mets_018,frozen,0.9868528246879578,0.9911766648292542,0.9804489612579346,-0.01966559886932373,0.06118296459317207,31.09348612396206
Mets_018,shuffled,0.9868528246879578,0.9911766648292542,0.9804489612579346,-0.01966559886932373,0.06118743121623993,31.09348612396206
Mets_018,identity,0.9853388667106628,0.9886420369148254,0.9777790307998657,-0.007720768451690674,0.0,32.01844721406875
Mets_018,noise,0.9837547540664673,0.9866077899932861,0.961494505405426,-0.008005201816558838,0.46481502056121826,31.3983305994837
Mets_018,mean_latent,0.9868528246879578,0.9911766648292542,0.9804489612579346,-0.01966559886932373,0.06116972863674164,31.09348612396206
Mets_019,dit_seedA,0.9865218997001648,0.9897670149803162,0.9820276498794556,-0.018376469612121582,0.07482974231243134,30.569973591345402
Mets_019,dit_seedB,0.9865218997001648,0.9897670149803162,0.9820276498794556,-0.018376469612121582,0.07482203096151352,30.569973591345402
Mets_019,frozen,0.9865218997001648,0.9897670149803162,0.9820276498794556,-0.018376469612121582,0.07482509315013885,30.569973591345402
Mets_019,shuffled,0.9865218997001648,0.9897670149803162,0.9820276498794556,-0.018376469612121582,0.07482938468456268,30.569973591345402
Mets_019,identity,0.9848331212997437,0.9875645041465759,0.9801549315452576,-0.006728231906890869,0.0,31.292015472688988
Mets_019,noise,0.9832987785339355,0.9856459498405457,0.9669748544692993,-0.007676899433135986,0.45881837606430054,30.704245734627786
Mets_019,mean_latent,0.9865218997001648,0.9897670149803162,0.9820276498794556,-0.018376469612121582,0.07481164485216141,30.569973591345402
Mets_020,dit_seedA,0.9680402278900146,0.9813065528869629,0.9815793633460999,-0.023150235414505005,0.042554792016744614,32.65095293531038
Mets_020,dit_seedB,0.9680402278900146,0.9813065528869629,0.9815793633460999,-0.023150235414505005,0.04254762828350067,32.65095293531038
Mets_020,frozen,0.9680402278900146,0.9813065528869629,0.9815793633460999,-0.023150235414505005,0.04255054146051407,32.65095293531038
Mets_020,shuffled,0.9680402278900146,0.9813065528869629,0.9815793633460999,-0.023150235414505005,0.04255538061261177,32.65095293531038
Mets_020,identity,0.9689135551452637,0.9776796698570251,0.9772984981536865,-0.010659605264663696,0.0,34.12102215943328
Mets_020,noise,0.9641251564025879,0.9727798700332642,0.9517563581466675,-0.0072616636753082275,0.46942663192749023,33.404563291695226
Mets_020,mean_latent,0.9680402278900146,0.9813065528869629,0.9815793633460999,-0.023150235414505005,0.04253729060292244,32.65095293531038
Mets_021,dit_seedA,0.9872334003448486,0.9898592829704285,0.9798447489738464,-0.024941742420196533,0.07256856560707092,30.540755274296046
Mets_021,dit_seedB,0.9872334003448486,0.9898592829704285,0.9798447489738464,-0.024941742420196533,0.07256101816892624,30.540755274296046
Mets_021,frozen,0.9872334003448486,0.9898592829704285,0.9798447489738464,-0.024941742420196533,0.07256395369768143,30.540755274296046
Mets_021,shuffled,0.9872334003448486,0.9898592829704285,0.9798447489738464,-0.024941742420196533,0.072568379342556,30.540755274296046
Mets_021,identity,0.9858073592185974,0.9877870678901672,0.9774028658866882,-0.012108147144317627,0.0,31.379914496579374
Mets_021,noise,0.984468400478363,0.9860122203826904,0.9645331501960754,-0.015434682369232178,0.46221840381622314,30.754638777582215
Mets_021,mean_latent,0.9872334003448486,0.9898592829704285,0.9798447489738464,-0.024941742420196533,0.07255087047815323,30.540755274296046
Mets_022,dit_seedA,0.9842361807823181,0.991798460483551,0.9822225570678711,-0.01993301510810852,0.06259624660015106,31.364909617870417
Mets_022,dit_seedB,0.9842361807823181,0.991798460483551,0.9822225570678711,-0.01993301510810852,0.06258878111839294,31.364909617870417
Mets_022,frozen,0.9842361807823181,0.991798460483551,0.9822225570678711,-0.01993301510810852,0.06259174644947052,31.364909617870417
Mets_022,shuffled,0.9842361807823181,0.991798460483551,0.9822225570678711,-0.01993301510810852,0.06259623914957047,31.364909617870417
Mets_022,identity,0.982273519039154,0.9894727468490601,0.9793597459793091,-0.007637739181518555,0.0,32.23145635967589
Mets_022,noise,0.980364203453064,0.9876223206520081,0.9625852108001709,-0.00768616795539856,0.46223580837249756,31.61346656542929
Mets_022,mean_latent,0.9842361807823181,0.991798460483551,0.9822225570678711,-0.01993301510810852,0.06257853657007217,31.364909617870417
Mets_023,dit_seedA,0.9881530404090881,0.9913153648376465,0.980708122253418,-0.019644081592559814,0.06495848298072815,31.65944339154667
Mets_023,dit_seedB,0.9881530404090881,0.9913153648376465,0.980708122253418,-0.019644081592559814,0.06495092064142227,31.65944339154667
Mets_023,frozen,0.9881530404090881,0.9913153648376465,0.980708122253418,-0.019644081592559814,0.06495390087366104,31.65944339154667
Mets_023,shuffled,0.9881530404090881,0.9913153648376465,0.980708122253418,-0.019644081592559814,0.064958356320858,31.65944339154667
Mets_023,identity,0.9867698550224304,0.9891893267631531,0.9779096841812134,-0.007554888725280762,0.0,32.68432926286597
Mets_023,noise,0.9851930141448975,0.9872317910194397,0.9596258401870728,-0.007932037115097046,0.4622431695461273,32.02907956854175
Mets_023,mean_latent,0.9881530404090881,0.9913153648376465,0.980708122253418,-0.019644081592559814,0.06494064629077911,31.65944339154667
Mets_024,dit_seedA,0.9875130653381348,0.992992639541626,0.9804331064224243,-0.021773934364318848,0.07318443804979324,30.77737169565205
Mets_024,dit_seedB,0.9875130653381348,0.992992639541626,0.9804331064224243,-0.021773934364318848,0.07317692786455154,30.77737169565205
Mets_024,frozen,0.9875130653381348,0.992992639541626,0.9804331064224243,-0.021773934364318848,0.07317987829446793,30.77737169565205
Mets_024,shuffled,0.9875130653381348,0.992992639541626,0.9804331064224243,-0.021773934364318848,0.07318463921546936,30.77737169565205
Mets_024,identity,0.986332893371582,0.9915121793746948,0.9777352809906006,-0.008744955062866211,0.0,31.600287422345836
Mets_024,noise,0.9851533770561218,0.9897262454032898,0.9633803367614746,-0.01118481159210205,0.46084922552108765,30.9210842045967
Mets_024,mean_latent,0.9875130653381348,0.992992639541626,0.9804331064224243,-0.021773934364318848,0.07316680252552032,30.77737169565205
Mets_025,dit_seedA,0.9882042407989502,0.9905596971511841,0.9785723090171814,-0.021383166313171387,0.07465485483407974,30.025290366914128
Mets_025,dit_seedB,0.9882042407989502,0.9905596971511841,0.9785723090171814,-0.021383166313171387,0.07464724779129028,30.025290366914128
Mets_025,frozen,0.9882042407989502,0.9905596971511841,0.9785723090171814,-0.021383166313171387,0.07465022802352905,30.025290366914128
Mets_025,shuffled,0.9882042407989502,0.9905596971511841,0.9785723090171814,-0.021383166313171387,0.0746547132730484,30.025290366914128
Mets_025,identity,0.9869545698165894,0.988731861114502,0.9754496216773987,-0.008417904376983643,0.0,30.65986873042604
Mets_025,noise,0.9857491254806519,0.9872273802757263,0.9626425504684448,-0.012177348136901855,0.46243610978126526,30.080886696864088
Mets_025,mean_latent,0.9882042407989502,0.9905596971511841,0.9785723090171814,-0.021383166313171387,0.07463707029819489,30.025290366914128
Mets_026,dit_seedA,0.9871962666511536,0.9923444390296936,0.9800670146942139,-0.024118751287460327,0.06366516649723053,31.63344552378738
Mets_026,dit_seedB,0.9871962666511536,0.9923444390296936,0.9800670146942139,-0.024118751287460327,0.06365766376256943,31.63344552378738
Mets_026,frozen,0.9871962666511536,0.9923444390296936,0.9800670146942139,-0.024118751287460327,0.06366074085235596,31.63344552378738
Mets_026,shuffled,0.9871962666511536,0.9923444390296936,0.9800670146942139,-0.024118751287460327,0.06366510689258575,31.63344552378738
Mets_026,identity,0.9853618144989014,0.9893325567245483,0.9761794209480286,-0.01140853762626648,0.0,32.86398983849614
Mets_026,noise,0.9832532405853271,0.986359715461731,0.9547222852706909,-0.010475009679794312,0.4599565267562866,32.1828995725287
Mets_026,mean_latent,0.9871962666511536,0.9923444390296936,0.9800670146942139,-0.024118751287460327,0.0636473223567009,31.63344552378738
Mets_027,dit_seedA,0.987925112247467,0.9909402132034302,0.9789757132530212,-0.02621638774871826,0.07921510189771652,30.031739347424548
Mets_027,dit_seedB,0.987925112247467,0.9909402132034302,0.9789757132530212,-0.02621638774871826,0.07920752465724945,30.031739347424548
Mets_027,frozen,0.987925112247467,0.9909402132034302,0.9789757132530212,-0.02621638774871826,0.07921051234006882,30.031739347424548
Mets_027,shuffled,0.987925112247467,0.9909402132034302,0.9789757132530212,-0.02621638774871826,0.0792151391506195,30.031739347424548
Mets_027,identity,0.98675537109375,0.9887574911117554,0.9767901301383972,-0.013216078281402588,0.0,30.827181125550194
Mets_027,noise,0.9856863617897034,0.9874475002288818,0.9659531712532043,-0.017935514450073242,0.4619371294975281,30.15402401905678
Mets_027,mean_latent,0.987925112247467,0.9909402132034302,0.9789757132530212,-0.02621638774871826,0.07919729501008987,30.031739347424548
Mets_028,dit_seedA,0.9824680089950562,0.9873876571655273,0.982401967048645,-0.020389258861541748,0.058267053216695786,30.72547213150528
Mets_028,dit_seedB,0.9824680089950562,0.9873876571655273,0.982401967048645,-0.020389258861541748,0.058259595185518265,30.72547213150528
Mets_028,frozen,0.9824680089950562,0.9873876571655273,0.982401967048645,-0.020389258861541748,0.05826251581311226,30.72547213150528
Mets_028,shuffled,0.9824680089950562,0.9873876571655273,0.982401967048645,-0.020389258861541748,0.058267172425985336,30.72547213150528
Mets_028,identity,0.9806434512138367,0.9851289987564087,0.9801920652389526,-0.008442938327789307,0.0,31.462235002734793
Mets_028,noise,0.978975772857666,0.9832804203033447,0.9679399728775024,-0.009683966636657715,0.4667277932167053,30.890707520594162
Mets_028,mean_latent,0.9824680089950562,0.9873876571655273,0.982401967048645,-0.020389258861541748,0.05824936926364899,30.72547213150528
Mets_029,dit_seedA,0.9776200652122498,0.9850698113441467,0.9819600582122803,-0.020656585693359375,0.04677058756351471,32.82608128714408
Mets_029,dit_seedB,0.9776200652122498,0.9850698113441467,0.9819600582122803,-0.020656585693359375,0.046763379126787186,32.82608128714408
Mets_029,frozen,0.9776200652122498,0.9850698113441467,0.9819600582122803,-0.020656585693359375,0.04676630347967148,32.82608128714408
Mets_029,shuffled,0.9776200652122498,0.9850698113441467,0.9819600582122803,-0.020656585693359375,0.046770717948675156,32.82608128714408
Mets_029,identity,0.9759075045585632,0.9806204438209534,0.9780893921852112,-0.008754223585128784,0.0,34.27748356137916
Mets_029,noise,0.9722227454185486,0.9766873717308044,0.9522442817687988,-0.005811244249343872,0.4674529433250427,33.5384645925449
Mets_029,mean_latent,0.9776200652122498,0.9850698113441467,0.9819600582122803,-0.020656585693359375,0.04675303399562836,32.82608128714408
Mets_030,dit_seedA,0.9798427820205688,0.9848646521568298,0.9810886383056641,-0.02202555537223816,0.049132734537124634,32.07110671410473
Mets_030,dit_seedB,0.9798427820205688,0.9848646521568298,0.9810886383056641,-0.02202555537223816,0.04912543669342995,32.07110671410473
Mets_030,frozen,0.9798427820205688,0.9848646521568298,0.9810886383056641,-0.02202555537223816,0.04912839084863663,32.07110671410473
Mets_030,shuffled,0.9798427820205688,0.9848646521568298,0.9810886383056641,-0.02202555537223816,0.04913267865777016,32.07110671410473
Mets_030,identity,0.9784793853759766,0.9832730293273926,0.9773487448692322,-0.009655267000198364,0.0,33.267015060763654
Mets_030,noise,0.9762541055679321,0.9813497066497803,0.955903172492981,-0.008152484893798828,0.4678225815296173,32.579754661322006
Mets_030,mean_latent,0.9798427820205688,0.9848646521568298,0.9810886383056641,-0.02202555537223816,0.04911511763930321,32.07110671410473
Mets_031,dit_seedA,0.9829085469245911,0.988153874874115,0.9817869663238525,-0.02087801694869995,0.06961803883314133,29.439335630626232
Mets_031,dit_seedB,0.9829085469245911,0.988153874874115,0.9817869663238525,-0.02087801694869995,0.06961045414209366,29.439335630626232
Mets_031,frozen,0.9829085469245911,0.988153874874115,0.9817869663238525,-0.02087801694869995,0.06961341202259064,29.439335630626232
Mets_031,shuffled,0.9829085469245911,0.988153874874115,0.9817869663238525,-0.02087801694869995,0.06961782276630402,29.439335630626232
Mets_031,identity,0.9814801812171936,0.9864659309387207,0.9798508286476135,-0.00822669267654419,0.0,30.02503508829367
Mets_031,noise,0.980178713798523,0.9850183725357056,0.9690724015235901,-0.011348545551300049,0.464963436126709,29.39589901374476
Mets_031,mean_latent,0.9829085469245911,0.988153874874115,0.9817869663238525,-0.02087801694869995,0.0696001946926117,29.439335630626232
Mets_032,dit_seedA,0.9840646982192993,0.9859408140182495,0.9803848266601562,-0.023704230785369873,0.06505676358938217,29.948238742755553
Mets_032,dit_seedB,0.9840646982192993,0.9859408140182495,0.9803848266601562,-0.023704230785369873,0.06504931300878525,29.948238742755553
Mets_032,frozen,0.9840646982192993,0.9859408140182495,0.9803848266601562,-0.023704230785369873,0.06505223363637924,29.948238742755553
Mets_032,shuffled,0.9840646982192993,0.9859408140182495,0.9803848266601562,-0.023704230785369873,0.0650569498538971,29.948238742755553
Mets_032,identity,0.9825388789176941,0.9837102293968201,0.9782475829124451,-0.010542750358581543,0.0,30.640005729498455
Mets_032,noise,0.9811804294586182,0.9822045564651489,0.967359185218811,-0.014927685260772705,0.46769291162490845,30.002582079789207
Mets_032,mean_latent,0.9840646982192993,0.9859408140182495,0.9803848266601562,-0.023704230785369873,0.06503911316394806,29.948238742755553
Mets_033,dit_seedA,0.985767662525177,0.9895846247673035,0.9814701080322266,-0.020926356315612793,0.06946977972984314,30.08767109285495
Mets_033,dit_seedB,0.985767662525177,0.9895846247673035,0.9814701080322266,-0.020926356315612793,0.06946228444576263,30.08767109285495
Mets_033,frozen,0.985767662525177,0.9895846247673035,0.9814701080322266,-0.020926356315612793,0.06946523487567902,30.08767109285495
Mets_033,shuffled,0.985767662525177,0.9895846247673035,0.9814701080322266,-0.020926356315612793,0.06946970522403717,30.08767109285495
Mets_033,identity,0.984420657157898,0.9874894022941589,0.9792525172233582,-0.008108317852020264,0.0,30.77396742527705
Mets_033,noise,0.9831705093383789,0.9859673380851746,0.9681805968284607,-0.012220501899719238,0.4659470319747925,30.142468091318744
Mets_033,mean_latent,0.985767662525177,0.9895846247673035,0.9814701080322266,-0.020926356315612793,0.06945204734802246,30.08767109285495
Mets_034,dit_seedA,0.9837939143180847,0.9907228946685791,0.9812086224555969,-0.022378921508789062,0.06697994470596313,29.862991146419233
Mets_034,dit_seedB,0.9837939143180847,0.9907228946685791,0.9812086224555969,-0.022378921508789062,0.06697243452072144,29.862991146419233
Mets_034,frozen,0.9837939143180847,0.9907228946685791,0.9812086224555969,-0.022378921508789062,0.06697557121515274,29.862991146419233
Mets_034,shuffled,0.9837939143180847,0.9907228946685791,0.9812086224555969,-0.022378921508789062,0.06697987765073776,29.862991146419233
Mets_034,identity,0.9819395542144775,0.9884609580039978,0.9788109660148621,-0.00965207815170288,0.0,30.600225392398272
Mets_034,noise,0.9803453683853149,0.986706018447876,0.9667630195617676,-0.011954426765441895,0.464176744222641,29.971570453306654
Mets_034,mean_latent,0.9837939143180847,0.9907228946685791,0.9812086224555969,-0.022378921508789062,0.06696215271949768,29.862991146419233
Mets_035,dit_seedA,0.9800898432731628,0.987095296382904,0.980388879776001,-0.020799845457077026,0.049647219479084015,31.933347488104758
Mets_035,dit_seedB,0.9800898432731628,0.987095296382904,0.980388879776001,-0.020799845457077026,0.04963986575603485,31.933347488104758
Mets_035,frozen,0.9800898432731628,0.987095296382904,0.980388879776001,-0.020799845457077026,0.049642834812402725,31.933347488104758
Mets_035,shuffled,0.9800898432731628,0.987095296382904,0.980388879776001,-0.020799845457077026,0.04964735731482506,31.933347488104758
Mets_035,identity,0.9781111478805542,0.9844562411308289,0.9769343137741089,-0.008612006902694702,0.0,33.00788170359079
Mets_035,noise,0.9757136106491089,0.9816826581954956,0.9563968777656555,-0.006762444972991943,0.4673950672149658,32.38161146204037
Mets_035,mean_latent,0.9800898432731628,0.987095296382904,0.980388879776001,-0.020799845457077026,0.049629561603069305,31.933347488104758
Mets_036,dit_seedA,0.9792547225952148,0.9828240275382996,0.9810340404510498,-0.02218887209892273,0.06277258694171906,30.918448615731094
Mets_036,dit_seedB,0.9792547225952148,0.9828240275382996,0.9810340404510498,-0.02218887209892273,0.06276498734951019,30.918448615731094
Mets_036,frozen,0.9792547225952148,0.9828240275382996,0.9810340404510498,-0.02218887209892273,0.06276801228523254,30.918448615731094
Mets_036,shuffled,0.9792547225952148,0.9828240275382996,0.9810340404510498,-0.02218887209892273,0.06277237832546234,30.918448615731094
Mets_036,identity,0.9765626192092896,0.9792981743812561,0.9783766865730286,-0.01002153754234314,0.0,31.757437623021296
Mets_036,noise,0.9739952683448792,0.9767472147941589,0.9626957178115845,-0.009773433208465576,0.4616866409778595,31.141745063450475
Mets_036,mean_latent,0.9792547225952148,0.9828240275382996,0.9810340404510498,-0.02218887209892273,0.06275471299886703,30.918448615731094
Mets_037,dit_seedA,0.9851380586624146,0.9891701936721802,0.9799588322639465,-0.02643972635269165,0.06957617402076721,29.896991063599273
Mets_037,dit_seedB,0.9851380586624146,0.9891701936721802,0.9799588322639465,-0.02643972635269165,0.06956858932971954,29.896991063599273
Mets_037,frozen,0.9851380586624146,0.9891701936721802,0.9799588322639465,-0.02643972635269165,0.06957157701253891,29.896991063599273
Mets_037,shuffled,0.9851380586624146,0.9891701936721802,0.9799588322639465,-0.02643972635269165,0.0695762038230896,29.896991063599273
Mets_037,identity,0.9835452437400818,0.9874518513679504,0.9777555465698242,-0.013698756694793701,0.0,30.623531828206293
Mets_037,noise,0.9821637868881226,0.9858843684196472,0.966783344745636,-0.017486870288848877,0.4652407169342041,29.98093814642686
Mets_037,mean_latent,0.9851380586624146,0.9891701936721802,0.9799588322639465,-0.02643972635269165,0.06955832988023758,29.896991063599273
Mets_038,dit_seedA,0.9881109595298767,0.9916636943817139,0.979011595249176,-0.02351558208465576,0.05866333842277527,31.630919891373214
Mets_038,dit_seedB,0.9881109595298767,0.9916636943817139,0.979011595249176,-0.02351558208465576,0.05865587294101715,31.630919891373214
Mets_038,frozen,0.9881109595298767,0.9916636943817139,0.979011595249176,-0.02351558208465576,0.058658868074417114,31.630919891373214
Mets_038,shuffled,0.9881109595298767,0.9916636943817139,0.979011595249176,-0.02351558208465576,0.058663368225097656,31.630919891373214
Mets_038,identity,0.9867300987243652,0.9895350933074951,0.9756633639335632,-0.010974884033203125,0.0,32.78453341186096
Mets_038,noise,0.9852042198181152,0.9875657558441162,0.9584133625030518,-0.011838793754577637,0.4657180607318878,32.16493855538574
Mets_038,mean_latent,0.9881109595298767,0.9916636943817139,0.979011595249176,-0.02351558208465576,0.05864553153514862,31.630919891373214
Mets_039,dit_seedA,0.9866713881492615,0.990220844745636,0.9809481501579285,-0.019030094146728516,0.07533097267150879,29.48176148670346
Mets_039,dit_seedB,0.9866713881492615,0.990220844745636,0.9809481501579285,-0.019030094146728516,0.07532335817813873,29.48176148670346
Mets_039,frozen,0.9866713881492615,0.990220844745636,0.9809481501579285,-0.019030094146728516,0.07532646507024765,29.48176148670346
Mets_039,shuffled,0.9866713881492615,0.990220844745636,0.9809481501579285,-0.019030094146728516,0.07533085346221924,29.48176148670346
Mets_039,identity,0.984973669052124,0.9877686500549316,0.9781652688980103,-0.006856322288513184,0.0,30.08405204802585
Mets_039,noise,0.9834611415863037,0.9861411452293396,0.9657803773880005,-0.008298158645629883,0.4603651165962219,29.509801371783496
Mets_039,mean_latent,0.9866713881492615,0.990220844745636,0.9809481501579285,-0.019030094146728516,0.07531304657459259,29.48176148670346
Mets_040,dit_seedA,0.985710859298706,0.9907559752464294,0.9810874462127686,-0.020609170198440552,0.05249704793095589,32.114741887936574
Mets_040,dit_seedB,0.985710859298706,0.9907559752464294,0.9810874462127686,-0.020609170198440552,0.05248962715268135,32.114741887936574
Mets_040,frozen,0.985710859298706,0.9907559752464294,0.9810874462127686,-0.020609170198440552,0.052492596209049225,32.114741887936574
Mets_040,shuffled,0.985710859298706,0.9907559752464294,0.9810874462127686,-0.020609170198440552,0.05249718204140663,32.114741887936574
Mets_040,identity,0.9840145707130432,0.9875718951225281,0.9778755307197571,-0.008418470621109009,0.0,33.35683250844895
Mets_040,noise,0.9820314645767212,0.9847047924995422,0.957813024520874,-0.0072914063930511475,0.46672919392585754,32.692717924836025
Mets_040,mean_latent,0.985710859298706,0.9907559752464294,0.9810874462127686,-0.020609170198440552,0.05247925594449043,32.114741887936574
Mets_041,dit_seedA,0.98493492603302,0.9897421598434448,0.9817104339599609,-0.01985955238342285,0.06474494934082031,30.49563516896661
Mets_041,dit_seedB,0.98493492603302,0.9897421598434448,0.9817104339599609,-0.01985955238342285,0.06473741680383682,30.49563516896661
Mets_041,frozen,0.98493492603302,0.9897421598434448,0.9817104339599609,-0.01985955238342285,0.0647403821349144,30.49563516896661
Mets_041,shuffled,0.98493492603302,0.9897421598434448,0.9817104339599609,-0.01985955238342285,0.06474495679140091,30.49563516896661
Mets_041,identity,0.9831448197364807,0.9882735013961792,0.9795873761177063,-0.00841444730758667,0.0,31.215815776701362
Mets_041,noise,0.9815297722816467,0.9864644408226013,0.9677426815032959,-0.01001042127609253,0.4650169610977173,30.636802833800807
Mets_041,mean_latent,0.98493492603302,0.9897421598434448,0.9817104339599609,-0.01985955238342285,0.06472716480493546,30.49563516896661
Mets_042,dit_seedA,0.9873552918434143,0.9910629987716675,0.9803386330604553,-0.022858738899230957,0.08432666212320328,30.492311009436563
Mets_042,dit_seedB,0.9873552918434143,0.9910629987716675,0.9803386330604553,-0.022858738899230957,0.08431890606880188,30.492311009436563
Mets_042,frozen,0.9873552918434143,0.9910629987716675,0.9803386330604553,-0.022858738899230957,0.08432205021381378,30.492311009436563
Mets_042,shuffled,0.9873552918434143,0.9910629987716675,0.9803386330604553,-0.022858738899230957,0.08432638645172119,30.492311009436563
Mets_042,identity,0.9858107566833496,0.9883856177330017,0.9777502417564392,-0.010967075824737549,0.0,31.2750598314268
Mets_042,noise,0.9843887090682983,0.9867860674858093,0.9644312858581543,-0.012902677059173584,0.45555198192596436,30.667193783579528
Mets_042,mean_latent,0.9873552918434143,0.9910629987716675,0.9803386330604553,-0.022858738899230957,0.08430859446525574,30.492311009436563
Mets_043,dit_seedA,0.9831446409225464,0.9875534772872925,0.9823285341262817,-0.01958867907524109,0.05222194269299507,30.264182452425302
Mets_043,dit_seedB,0.9831446409225464,0.9875534772872925,0.9823285341262817,-0.01958867907524109,0.0522146001458168,30.264182452425302
Mets_043,frozen,0.9831446409225464,0.9875534772872925,0.9823285341262817,-0.01958867907524109,0.052217502146959305,30.264182452425302
Mets_043,shuffled,0.9831446409225464,0.9875534772872925,0.9823285341262817,-0.01958867907524109,0.05222238972783089,30.264182452425302
Mets_043,identity,0.9813878536224365,0.9848426580429077,0.9800245761871338,-0.008038580417633057,0.0,30.96997119785371
Mets_043,noise,0.9795860648155212,0.9824696183204651,0.9675622582435608,-0.0077291131019592285,0.46860209107398987,30.459872911592058
Mets_043,mean_latent,0.9831446409225464,0.9875534772872925,0.9823285341262817,-0.01958867907524109,0.052204329520463943,30.264182452425302
Mets_044,dit_seedA,0.9861434698104858,0.9906489253044128,0.981891930103302,-0.020542562007904053,0.0759168267250061,30.731440826504503
Mets_044,dit_seedB,0.9861434698104858,0.9906489253044128,0.981891930103302,-0.020542562007904053,0.07590913027524948,30.731440826504503
Mets_044,frozen,0.9861434698104858,0.9906489253044128,0.981891930103302,-0.020542562007904053,0.07591216266155243,30.731440826504503
Mets_044,shuffled,0.9861434698104858,0.9906489253044128,0.981891930103302,-0.020542562007904053,0.07591646164655685,30.731440826504503
Mets_044,identity,0.984691321849823,0.9883984923362732,0.9797013998031616,-0.008304357528686523,0.0,31.497781664514527
Mets_044,noise,0.9833526015281677,0.986970067024231,0.9667017459869385,-0.01057577133178711,0.4599936604499817,30.84934432410263
Mets_044,mean_latent,0.9861434698104858,0.9906489253044128,0.981891930103302,-0.020542562007904053,0.07589884847402573,30.731440826504503
Mets_045,dit_seedA,0.9878091812133789,0.9925821423530579,0.9798228740692139,-0.021311193704605103,0.06338375806808472,31.17716400427097
Mets_045,dit_seedB,0.9878091812133789,0.9925821423530579,0.9798228740692139,-0.021311193704605103,0.06337610632181168,31.17716400427097
Mets_045,frozen,0.9878091812133789,0.9925821423530579,0.9798228740692139,-0.021311193704605103,0.06337917596101761,31.17716400427097
Mets_045,shuffled,0.9878091812133789,0.9925821423530579,0.9798228740692139,-0.021311193704605103,0.06338374316692352,31.17716400427097
Mets_045,identity,0.9863981008529663,0.989975094795227,0.9767528772354126,-0.009513944387435913,0.0,32.12341328886841
Mets_045,noise,0.9847959876060486,0.9879117012023926,0.9601991772651672,-0.009564101696014404,0.4626910090446472,31.520972166484455
Mets_045,mean_latent,0.9878091812133789,0.9925821423530579,0.9798228740692139,-0.021311193704605103,0.06336577236652374,31.17716400427097
Mets_046,dit_seedA,0.9846023321151733,0.9878969192504883,0.9800716042518616,-0.024244070053100586,0.06324176490306854,30.546051271020005
Mets_046,dit_seedB,0.9846023321151733,0.9878969192504883,0.9800716042518616,-0.024244070053100586,0.06323429942131042,30.546051271020005
Mets_046,frozen,0.9846023321151733,0.9878969192504883,0.9800716042518616,-0.024244070053100586,0.0632372573018074,30.546051271020005
Mets_046,shuffled,0.9846023321151733,0.9878969192504883,0.9800716042518616,-0.024244070053100586,0.06324200332164764,30.546051271020005
Mets_046,identity,0.9829348921775818,0.9856318831443787,0.9776138663291931,-0.011620163917541504,0.0,31.391729723926453
Mets_046,noise,0.9813275933265686,0.983184278011322,0.9636636972427368,-0.013871729373931885,0.4650738537311554,30.732528421837234
Mets_046,mean_latent,0.9846023321151733,0.9878969192504883,0.9800716042518616,-0.024244070053100586,0.06322401762008667,30.546051271020005
Mets_047,dit_seedA,0.9758530855178833,0.9826489686965942,0.9834670424461365,-0.018169790506362915,0.043109919875860214,32.2695645123102
Mets_047,dit_seedB,0.9758530855178833,0.9826489686965942,0.9834670424461365,-0.018169790506362915,0.04310276359319687,32.2695645123102
Mets_047,frozen,0.9758530855178833,0.9826489686965942,0.9834670424461365,-0.018169790506362915,0.04310566931962967,32.2695645123102
Mets_047,shuffled,0.9758530855178833,0.9826489686965942,0.9834670424461365,-0.018169790506362915,0.0431102029979229,32.2695645123102
Mets_047,identity,0.9732294678688049,0.9789175987243652,0.9805720448493958,-0.006588578224182129,0.0,33.38864348965724
Mets_047,noise,0.9698925614356995,0.974989652633667,0.9609400033950806,-0.003856271505355835,0.47052010893821716,32.77252380138994
Mets_047,mean_latent,0.9758530855178833,0.9826489686965942,0.9834670424461365,-0.018169790506362915,0.04309246316552162,32.2695645123102
Mets_048,dit_seedA,0.9886837005615234,0.9923263192176819,0.9807087779045105,-0.018080592155456543,0.0783308818936348,30.852545193345115
Mets_048,dit_seedB,0.9886837005615234,0.9923263192176819,0.9807087779045105,-0.018080592155456543,0.07832329720258713,30.852545193345115
Mets_048,frozen,0.9886837005615234,0.9923263192176819,0.9807087779045105,-0.018080592155456543,0.0783262550830841,30.852545193345115
Mets_048,shuffled,0.9886837005615234,0.9923263192176819,0.9807087779045105,-0.018080592155456543,0.0783306136727333,30.852545193345115
Mets_048,identity,0.9875478744506836,0.9907127022743225,0.9784405827522278,-0.006574511528015137,0.0,31.62239380849581
Mets_048,noise,0.986422061920166,0.9893943667411804,0.9661862254142761,-0.009082019329071045,0.46076422929763794,31.0232445379139
Mets_048,mean_latent,0.9886837005615234,0.9923263192176819,0.9807087779045105,-0.018080592155456543,0.07831315696239471,30.852545193345115
Mets_049,dit_seedA,0.9844523072242737,0.9883183836936951,0.9805269241333008,-0.02594691514968872,0.061557039618492126,31.081074179598808
Mets_049,dit_seedB,0.9844523072242737,0.9883183836936951,0.9805269241333008,-0.02594691514968872,0.06154951825737953,31.081074179598808
Mets_049,frozen,0.9844523072242737,0.9883183836936951,0.9805269241333008,-0.02594691514968872,0.061552584171295166,31.081074179598808
Mets_049,shuffled,0.9844523072242737,0.9883183836936951,0.9805269241333008,-0.02594691514968872,0.06155691295862198,31.081074179598808
Mets_049,identity,0.9826896786689758,0.9858316779136658,0.9772797226905823,-0.01380959153175354,0.0,32.156969785265744
Mets_049,noise,0.9803922176361084,0.9832487106323242,0.959533154964447,-0.01317751407623291,0.4613998532295227,31.536350947888508
Mets_049,mean_latent,0.9844523072242737,0.9883183836936951,0.9805269241333008,-0.02594691514968872,0.061539195477962494,31.081074179598808
Mets_050,dit_seedA,0.9828899502754211,0.9892668128013611,0.9797769784927368,-0.02489367127418518,0.05354013293981552,31.24880897724426
Mets_050,dit_seedB,0.9828899502754211,0.9892668128013611,0.9797769784927368,-0.02489367127418518,0.053532760590314865,31.24880897724426
Mets_050,frozen,0.9828899502754211,0.9892668128013611,0.9797769784927368,-0.02489367127418518,0.05353574454784393,31.24880897724426
Mets_050,shuffled,0.9828899502754211,0.9892668128013611,0.9797769784927368,-0.02489367127418518,0.053540244698524475,31.24880897724426
Mets_050,identity,0.9812949299812317,0.9866409301757812,0.9765126705169678,-0.01188504695892334,0.0,32.363337548649625
Mets_050,noise,0.9793117046356201,0.9845569133758545,0.9569889307022095,-0.01135370135307312,0.4663951098918915,31.65939819904644
Mets_050,mean_latent,0.9828899502754211,0.9892668128013611,0.9797769784927368,-0.02489367127418518,0.053522396832704544,31.24880897724426
Mets_051,dit_seedA,0.9880338311195374,0.9903287887573242,0.9783645272254944,-0.02310854196548462,0.07185757905244827,30.703315000663874
Mets_051,dit_seedB,0.9880338311195374,0.9903287887573242,0.9783645272254944,-0.02310854196548462,0.07184994220733643,30.703315000663874
Mets_051,frozen,0.9880338311195374,0.9903287887573242,0.9783645272254944,-0.02310854196548462,0.07185284793376923,30.703315000663874
Mets_051,shuffled,0.9880338311195374,0.9903287887573242,0.9783645272254944,-0.02310854196548462,0.07185740768909454,30.703315000663874
Mets_051,identity,0.9868168234825134,0.9882856011390686,0.975742518901825,-0.011022984981536865,0.0,31.56444725330324
Mets_051,noise,0.9856029748916626,0.9864706993103027,0.9631638526916504,-0.014793038368225098,0.4648718237876892,30.91288464298348
Mets_051,mean_latent,0.9880338311195374,0.9903287887573242,0.9783645272254944,-0.02310854196548462,0.07183967530727386,30.703315000663874
