case,switch,soft_iou,hard_iou,tex_corr,lesion_change,psnr_brain_target
Mets_001,default,0.9750335812568665,0.983272910118103,0.9798076748847961,-0.022468268871307373,32.7702713863864
Mets_001,no_clip,0.9604640603065491,0.9819037914276123,0.9634456038475037,-0.06919461488723755,26.492905075946922
Mets_001,clip_0.04,0.9759351015090942,0.9821974039077759,0.9778285622596741,-0.016240239143371582,33.63780646427058
Mets_001,clip_0.15,0.9692880511283875,0.9820165038108826,0.9812849760055542,-0.033439427614212036,31.06346651130331
Mets_001,no_detail,0.9675615429878235,0.9773733019828796,0.9781307578086853,-0.029023796319961548,30.887751314424506
Mets_001,no_expo_reduce,0.9760059714317322,0.9836945533752441,0.984204113483429,-0.019141167402267456,33.927608728964486
Mets_001,no_contour_lock,0.971550464630127,0.983272910118103,0.9901829957962036,-0.022468268871307373,32.770272343187436
Mets_001,strength_0.10,0.9756496548652649,0.9816878437995911,0.9765421748161316,-0.013582289218902588,33.93912615240203
Mets_001,strength_1.00,0.960410475730896,0.9783254861831665,0.9868367314338684,-0.045969992876052856,29.25316287069125
Mets_002,default,0.9718365669250488,0.9802832007408142,0.9818925857543945,-0.02478647232055664,32.13847966995179
Mets_002,no_clip,0.9616989493370056,0.9791275858879089,0.9662145972251892,-0.07680752873420715,25.66912570173583
Mets_002,clip_0.04,0.9724259376525879,0.9796744585037231,0.9800452589988708,-0.018311232328414917,32.9204338588243
Mets_002,clip_0.15,0.9679058790206909,0.9792347550392151,0.9834455251693726,-0.036195218563079834,30.57832111356118
Mets_002,no_detail,0.9646417498588562,0.9730283617973328,0.9792861342430115,-0.03192654252052307,30.28538311620354
Mets_002,no_expo_reduce,0.9727572202682495,0.9808709621429443,0.9854542016983032,-0.020732909440994263,33.37969023415254
Mets_002,no_contour_lock,0.9673939347267151,0.9802832007408142,0.9914875626564026,-0.024712979793548584,32.13848670167389
Mets_002,strength_0.10,0.9722023010253906,0.9789820909500122,0.9788671135902405,-0.015544891357421875,33.19302011791664
Mets_002,strength_1.00,0.9615067839622498,0.9743651747703552,0.9883482456207275,-0.049244463443756104,28.882182606950067
Mets_003,default,0.9860900044441223,0.9919736981391907,0.97979736328125,-0.021824568510055542,30.841017256700297
Mets_003,no_clip,0.9853090047836304,0.9921812415122986,0.9630321860313416,-0.0956859290599823,23.744130859216966
Mets_003,clip_0.04,0.9857003092765808,0.9913133978843689,0.9783247709274292,-0.015303969383239746,31.34645964092513
Mets_003,clip_0.15,0.9860559701919556,0.9921812415122986,0.9815626740455627,-0.033284902572631836,29.73823810781919
Mets_003,no_detail,0.9824356436729431,0.9895340800285339,0.9785379767417908,-0.028179436922073364,28.985326609759852
Mets_003,no_expo_reduce,0.9862849116325378,0.9920806884765625,0.9833168983459473,-0.0175439715385437,31.9042745480534
Mets_003,no_contour_lock,0.9809123873710632,0.9919736981391907,0.9898674488067627,-0.021824568510055542,30.841017256700297
Mets_003,strength_0.10,0.9853859543800354,0.9909705519676208,0.9775288701057434,-0.01251634955406189,31.515709495511945
Mets_003,strength_1.00,0.9868746399879456,0.9929959177970886,0.984827995300293,-0.046258628368377686,28.42326591713626
Mets_004,default,0.9831069111824036,0.9862001538276672,0.9812391996383667,-0.020632147789001465,30.678968120454417
Mets_004,no_clip,0.9829638600349426,0.9866510033607483,0.9679588675498962,-0.09212663769721985,23.89054586376018
Mets_004,clip_0.04,0.9824396967887878,0.9852091670036316,0.9801436066627502,-0.014708220958709717,31.15484863688609
Mets_004,clip_0.15,0.9834822416305542,0.9866783022880554,0.9823170900344849,-0.03105980157852173,29.63864136581096
Mets_004,no_detail,0.9785721302032471,0.9822244048118591,0.9777173399925232,-0.027249634265899658,28.668679454242078
Mets_004,no_expo_reduce,0.9832497835159302,0.9862546920776367,0.9839291572570801,-0.017090916633605957,31.612051618445825
Mets_004,no_contour_lock,0.9760817885398865,0.9862001538276672,0.9916161298751831,-0.020632147789001465,30.678968120454417
Mets_004,strength_0.10,0.9820066094398499,0.9846203923225403,0.979491114616394,-0.01217794418334961,31.314542039155718
Mets_004,strength_1.00,0.9851788282394409,0.9897232055664062,0.9851795434951782,-0.04290664196014404,28.41554860029921
Mets_005,default,0.9840473532676697,0.9868783950805664,0.9810314774513245,-0.026188433170318604,29.53588753714393
Mets_005,no_clip,0.9845097661018372,0.9876060485839844,0.9689740538597107,-0.1250932514667511,22.07063423308493
Mets_005,clip_0.04,0.9833150506019592,0.9856716990470886,0.9799758195877075,-0.019375145435333252,29.96347110641857
Mets_005,clip_0.15,0.9846893548965454,0.9876060485839844,0.982257068157196,-0.03818333148956299,28.614297022023344
Mets_005,no_detail,0.9799646735191345,0.9830349087715149,0.9783928990364075,-0.03458666801452637,27.472273311823447
Mets_005,no_expo_reduce,0.9841197729110718,0.9868783950805664,0.9838469624519348,-0.020290732383728027,30.59827122214612
Mets_005,no_contour_lock,0.9769172668457031,0.9868783950805664,0.9904510378837585,-0.026188433170318604,29.53588753714393
Mets_005,strength_0.10,0.9828735589981079,0.9850689172744751,0.9793875813484192,-0.016464531421661377,30.111203325201373
Mets_005,strength_1.00,0.9866051077842712,0.9912235736846924,0.9848889708518982,-0.051764070987701416,27.507985635567884
Mets_006,default,0.9740144610404968,0.9796841740608215,0.9814563393592834,-0.02346336841583252,31.896155001043454
Mets_006,no_clip,0.9660294651985168,0.9793280959129333,0.9676565527915955,-0.07659074664115906,25.638771244577626
Mets_006,clip_0.04,0.9737847447395325,0.9775704145431519,0.979617714881897,-0.017133891582489014,32.571672124234894
Mets_006,clip_0.15,0.9714242219924927,0.9793546199798584,0.9831117987632751,-0.03459686040878296,30.491324957635687
Mets_006,no_detail,0.9664531946182251,0.971541166305542,0.9793304800987244,-0.030810564756393433,30.01149177111795
Mets_006,no_expo_reduce,0.9747371673583984,0.979975163936615,0.9852946996688843,-0.019538193941116333,33.06837358912135
Mets_006,no_contour_lock,0.9702322483062744,0.9796841740608215,0.990800142288208,-0.02339690923690796,31.89615969524184
Mets_006,strength_0.10,0.9732846617698669,0.9763452410697937,0.9785172343254089,-0.014428824186325073,32.802113438595
Mets_006,strength_1.00,0.9671117663383484,0.9786949753761292,0.987776517868042,-0.047296613454818726,28.92177254137673
Mets_007,default,0.9805135726928711,0.9854945540428162,0.9822343587875366,-0.020605266094207764,31.000017236844933
Mets_007,no_clip,0.9797025322914124,0.9865280985832214,0.9716147780418396,-0.07446983456611633,25.400560306406355
Mets_007,clip_0.04,0.9794043898582458,0.983699381351471,0.980854868888855,-0.014751225709915161,31.478132261909018
Mets_007,clip_0.15,0.9808768630027771,0.9865484833717346,0.9836457967758179,-0.03086736798286438,29.925228995017253
Mets_007,no_detail,0.9749031662940979,0.9800125360488892,0.9807999730110168,-0.02823406457901001,29.115512986908563
Mets_007,no_expo_reduce,0.9807574152946472,0.9855555891990662,0.9849299788475037,-0.01682230830192566,31.978776515700638
Mets_007,no_contour_lock,0.976063072681427,0.9854945540428162,0.9912528395652771,-0.020597875118255615,31.000017236844933
Mets_007,strength_0.10,0.9787139892578125,0.9826443195343018,0.9800591468811035,-0.012250185012817383,31.633775830933306
Mets_007,strength_1.00,0.9824928045272827,0.989126443862915,0.9869264364242554,-0.04255130887031555,28.665763151278462
Mets_008,default,0.9875050783157349,0.9927654266357422,0.9803575277328491,-0.018460124731063843,31.690583282358837
Mets_008,no_clip,0.9860110282897949,0.9929491281509399,0.9657543897628784,-0.07661831378936768,25.064176764524287
Mets_008,clip_0.04,0.9870493412017822,0.9916054606437683,0.9787482023239136,-0.01231396198272705,32.31306271178048
Mets_008,clip_0.15,0.9872444868087769,0.9929491281509399,0.9820361733436584,-0.029310673475265503,30.352156006248165
Mets_008,no_detail,0.9842563271522522,0.9909844994544983,0.9787535667419434,-0.022995084524154663,29.909192570029507
Mets_008,no_expo_reduce,0.9877511262893677,0.9928373098373413,0.9838272929191589,-0.01580825448036194,32.65120846706274
Mets_008,no_contour_lock,0.9826213121414185,0.9927654266357422,0.9910205602645874,-0.018460124731063843,31.690583282358837
Mets_008,strength_0.10,0.9866584539413452,0.9908719658851624,0.9778156280517578,-0.00969076156616211,32.518576470407524
Mets_008,strength_1.00,0.987755537033081,0.9932680726051331,0.9859988689422607,-0.041650474071502686,28.81505650230014
Mets_009,default,0.9859727621078491,0.9879307150840759,0.9815667867660522,-0.019929111003875732,29.932149639674833
Mets_009,no_clip,0.9861863851547241,0.9886049032211304,0.9698061943054199,-0.12045830488204956,21.981132891283632
Mets_009,clip_0.04,0.9854899048805237,0.9868547916412354,0.9807279706001282,-0.013533174991607666,30.322700839455756
Mets_009,clip_0.15,0.9863417148590088,0.9886049032211304,0.9825747609138489,-0.031186044216156006,29.05433243605414
Mets_009,no_detail,0.9820115566253662,0.983367383480072,0.9791122674942017,-0.025324881076812744,27.871004572883095
Mets_009,no_expo_reduce,0.9860398173332214,0.9879307150840759,0.9838373064994812,-0.01590520143508911,30.837431542319145
Mets_009,no_contour_lock,0.9787585139274597,0.9879307150840759,0.9906737804412842,-0.019929111003875732,29.932149639674833
Mets_009,strength_0.10,0.985185444355011,0.9863055348396301,0.9802675247192383,-0.010799586772918701,30.452945444363372
Mets_009,strength_1.00,0.9877167344093323,0.9911932349205017,0.984562337398529,-0.043916523456573486,27.964870283118366
Mets_010,default,0.9867163896560669,0.9882352948188782,0.9801458716392517,-0.023762404918670654,31.68698176982694
Mets_010,no_clip,0.9860496520996094,0.9892450571060181,0.9666544198989868,-0.10074123740196228,23.94751768877018
Mets_010,clip_0.04,0.9859720468521118,0.9866967797279358,0.9786350131034851,-0.017261922359466553,32.35784840783056
Mets_010,clip_0.15,0.9869428873062134,0.9892450571060181,0.9815773367881775,-0.03524777293205261,30.29973775027891
Mets_010,no_detail,0.9823988676071167,0.9832807183265686,0.9744824767112732,-0.03193286061286926,29.560321157335213
Mets_010,no_expo_reduce,0.9868751168251038,0.9882586598396301,0.983511745929718,-0.01978859305381775,32.782251254783205
Mets_010,no_contour_lock,0.9814361333847046,0.9882352948188782,0.990448534488678,-0.023762404918670654,31.68698176982694
Mets_010,strength_0.10,0.9854750633239746,0.9856647253036499,0.9777207970619202,-0.014488637447357178,32.5885596757755
Mets_010,strength_1.00,0.9881801009178162,0.9923648238182068,0.9856245517730713,-0.04834774136543274,28.750546322864
Mets_011,default,0.9825322031974792,0.9854905009269714,0.9812217354774475,-0.018549442291259766,31.056800822528704
Mets_011,no_clip,0.9828394651412964,0.9868032336235046,0.9726381897926331,-0.08517104387283325,24.59444615520479
Mets_011,clip_0.04,0.9815648198127747,0.9837560057640076,0.980043351650238,-0.012626349925994873,31.503810979207806
Mets_011,clip_0.15,0.9833233952522278,0.9868032336235046,0.982633650302887,-0.028976410627365112,30.045752741636207
Mets_011,no_detail,0.9764865636825562,0.9787224531173706,0.9794554114341736,-0.02416616678237915,29.065282441498105
Mets_011,no_expo_reduce,0.9826735854148865,0.9855131506919861,0.9840497374534607,-0.015467017889022827,31.895875314213722
Mets_011,no_contour_lock,0.9774426221847534,0.9854905009269714,0.9901790618896484,-0.018549442291259766,31.056800822528704
Mets_011,strength_0.10,0.9810149073600769,0.9829351305961609,0.9793956279754639,-0.010096371173858643,31.64947613381637
Mets_011,strength_1.00,0.9848335385322571,0.9896203875541687,0.9854074120521545,-0.040783077478408813,28.811032756037555
Mets_012,default,0.9764075875282288,0.9824603199958801,0.9799273610115051,-0.024057745933532715,32.08529733654523
Mets_012,no_clip,0.9707759022712708,0.9816737771034241,0.9648023843765259,-0.07899689674377441,25.585062884715526
Mets_012,clip_0.04,0.9761830568313599,0.9808977842330933,0.9780815839767456,-0.017753958702087402,32.81140661761526
Mets_012,clip_0.15,0.9742669463157654,0.9817800521850586,0.9815808534622192,-0.03516346216201782,30.6134208946299
Mets_012,no_detail,0.9692460894584656,0.9752445220947266,0.9778987169265747,-0.031585365533828735,30.159022736065243
Mets_012,no_expo_reduce,0.9769809246063232,0.9826458096504211,0.983663022518158,-0.02010253071784973,33.270312317046034
Mets_012,no_contour_lock,0.9720183610916138,0.9824603199958801,0.9904413819313049,-0.02405110001564026,32.085299788122384
Mets_012,strength_0.10,0.9757012724876404,0.9800248146057129,0.9769493341445923,-0.015061348676681519,33.06260635598012
Mets_012,strength_1.00,0.9717925786972046,0.9800458550453186,0.9863682985305786,-0.047796428203582764,29.005759535869263
Mets_013,default,0.9814684987068176,0.9827783703804016,0.9836108684539795,-0.02173370122909546,29.490892108232302
Mets_013,no_clip,0.981977641582489,0.9843268990516663,0.9708417654037476,-0.09876018762588501,23.11223066763054
Mets_013,clip_0.04,0.9805405139923096,0.9812754988670349,0.9825963973999023,-0.015349090099334717,29.843737832016135
Mets_013,clip_0.15,0.9822736978530884,0.9843268990516663,0.9848349690437317,-0.032941579818725586,28.681586005787004
Mets_013,no_detail,0.975333034992218,0.9764427542686462,0.9810064435005188,-0.02816140651702881,27.533689559992318
Mets_013,no_expo_reduce,0.9815674424171448,0.9828216433525085,0.9862648248672485,-0.016994059085845947,30.518542805630595
Mets_013,no_contour_lock,0.9753804802894592,0.9827783703804016,0.9919160008430481,-0.02173370122909546,29.490892108232302
Mets_013,strength_0.10,0.980003833770752,0.980620265007019,0.9820417761802673,-0.012617349624633789,29.95914009319857
Mets_013,strength_1.00,0.9841439127922058,0.98789381980896,0.987101674079895,-0.04559749364852905,27.66485727081581
Mets_014,default,0.9799172282218933,0.983441948890686,0.9823876619338989,-0.02228391170501709,30.36576474586498
Mets_014,no_clip,0.9795059561729431,0.9850404858589172,0.9676045775413513,-0.08756539225578308,24.25398304194543
Mets_014,clip_0.04,0.9789636731147766,0.9816172122955322,0.9811729192733765,-0.01613059639930725,30.8131051175118
Mets_014,clip_0.15,0.9803648591041565,0.9850404858589172,0.9836675524711609,-0.033107250928878784,29.38086272309746
Mets_014,no_detail,0.9743624329566956,0.9777882695198059,0.9805560111999512,-0.029694318771362305,28.459081559211533
Mets_014,no_expo_reduce,0.9801285266876221,0.983441948890686,0.9853932857513428,-0.018034547567367554,31.392908487542414
Mets_014,no_contour_lock,0.9740073084831238,0.983441948890686,0.9915940761566162,-0.02228391170501709,30.36576474586498
Mets_014,strength_0.10,0.9783650636672974,0.9809816479682922,0.9804770350456238,-0.013501733541488647,30.963160831446757
Mets_014,strength_1.00,0.9823247790336609,0.9877143502235413,0.9866702556610107,-0.04539436101913452,28.214633772874755
Mets_015,default,0.9864999651908875,0.9910238981246948,0.9801385402679443,-0.021438956260681152,30.978212857314155
Mets_015,no_clip,0.9861174821853638,0.9919276833534241,0.9625808596611023,-0.09219151735305786,24.109807820428266
Mets_015,clip_0.04,0.985990047454834,0.9899884462356567,0.9790096282958984,-0.015376031398773193,31.485685805012963
Mets_015,clip_0.15,0.9866772890090942,0.9919276833534241,0.9813727736473083,-0.03212985396385193,29.876097182831103
Mets_015,no_detail,0.9830136895179749,0.9886860251426697,0.9786971211433411,-0.028143465518951416,29.042927696517364
Mets_015,no_expo_reduce,0.9866418242454529,0.9911045432090759,0.9836664795875549,-0.017787933349609375,31.945764664308953
Mets_015,no_contour_lock,0.9808269739151001,0.9910238981246948,0.9902440309524536,-0.021438956260681152,30.978212857314155
Mets_015,strength_0.10,0.985633134841919,0.9894581437110901,0.9783593416213989,-0.01278674602508545,31.6563880300038
Mets_015,strength_1.00,0.9878560900688171,0.994036853313446,0.9841775298118591,-0.04426661133766174,28.568054843636375
Mets_016,default,0.9879400134086609,0.9892333149909973,0.9771470427513123,-0.025703072547912598,29.813080108465265
Mets_016,no_clip,0.988212525844574,0.9901124835014343,0.9647579193115234,-0.12375873327255249,22.320092205464753
Mets_016,clip_0.04,0.9873795509338379,0.9883285760879517,0.9756887555122375,-0.01924663782119751,30.218210671792182
Mets_016,clip_0.15,0.988357663154602,0.9901124835014343,0.9789456129074097,-0.037068963050842285,28.927557971670037
Mets_016,no_detail,0.9850737452507019,0.9864685535430908,0.9725151658058167,-0.03524881601333618,27.852540039347893
Mets_016,no_expo_reduce,0.9879775047302246,0.9892058372497559,0.9808244109153748,-0.02057570219039917,30.848437599144557
Mets_016,no_contour_lock,0.9783368706703186,0.9892333149909973,0.989556610584259,-0.025703072547912598,29.813080108465265
Mets_016,strength_0.10,0.9870173931121826,0.9879451394081116,0.974900484085083,-0.01648736000061035,30.355893385504853
Mets_016,strength_1.00,0.9899905920028687,0.993699312210083,0.9822477698326111,-0.04996633529663086,27.85712273475592
Mets_017,default,0.9846642017364502,0.9894933104515076,0.9801331162452698,-0.020652413368225098,30.30399552398338
Mets_017,no_clip,0.9847788214683533,0.9905999302864075,0.9661734104156494,-0.0908549427986145,23.892986625978217
Mets_017,clip_0.04,0.9839501976966858,0.988304078578949,0.9789836406707764,-0.014762699604034424,30.728886721779133
Mets_017,clip_0.15,0.9851767420768738,0.9905999302864075,0.9815043210983276,-0.03102695941925049,29.36436821047153
Mets_017,no_detail,0.9805914759635925,0.9863483905792236,0.9795893430709839,-0.028053760528564453,28.436872125873865
Mets_017,no_expo_reduce,0.9847797751426697,0.9895507097244263,0.9837358593940735,-0.016951441764831543,31.255056616105147
Mets_017,no_contour_lock,0.9783795475959778,0.9894933104515076,0.9900324940681458,-0.020652413368225098,30.30399552398338
Mets_017,strength_0.10,0.9835073947906494,0.987710177898407,0.9783563613891602,-0.012248694896697998,30.871299574281657
Mets_017,strength_1.00,0.9868373870849609,0.9930779933929443,0.9842923283576965,-0.042762309312820435,28.222669058463797
Mets_018,default,0.9868528246879578,0.9911766648292542,0.9804489612579346,-0.01966559886932373,31.09348612396206
Mets_018,no_clip,0.9862524271011353,0.9921625256538391,0.9648730754852295,-0.08708611130714417,24.232398651979786
Mets_018,clip_0.04,0.9862460494041443,0.9900679588317871,0.9792680740356445,-0.013677507638931274,31.633349419068388
Mets_018,clip_0.15,0.9869893789291382,0.9921625256538391,0.9816412329673767,-0.030221790075302124,29.933350373533383
Mets_018,no_detail,0.9833253026008606,0.988538920879364,0.9782206416130066,-0.02628302574157715,29.172828621658773
Mets_018,no_expo_reduce,0.9869834780693054,0.9911766648292542,0.9836766719818115,-0.016413241624832153,32.06868335999614
Mets_018,no_contour_lock,0.9809998869895935,0.9911766648292542,0.9910438060760498,-0.01966559886932373,31.09348612396206
Mets_018,strength_0.10,0.9858118891716003,0.9891820549964905,0.9785640835762024,-0.01112067699432373,31.814831819893136
Mets_018,strength_1.00,0.9881487488746643,0.9941666722297668,0.9847379326820374,-0.04219013452529907,28.582187990006446
Mets_019,default,0.9865218997001648,0.9897670149803162,0.9820276498794556,-0.018376469612121582,30.569973591345402
Mets_019,no_clip,0.9867554306983948,0.9911050200462341,0.9636927247047424,-0.08845365047454834,23.950124771932792
Mets_019,clip_0.04,0.9857792258262634,0.9887707829475403,0.9811959266662598,-0.012542784214019775,30.999520161345046
Mets_019,clip_0.15,0.9871045351028442,0.9911050200462341,0.982872486114502,-0.0286405086517334,29.600448205378264
Mets_019,no_detail,0.9822402596473694,0.9869510531425476,0.9810729026794434,-0.02368694543838501,28.67437262897022
Mets_019,no_expo_reduce,0.9865929484367371,0.9898099303245544,0.9847031831741333,-0.015371501445770264,31.420525930462688
Mets_019,no_contour_lock,0.9807991981506348,0.9897670149803162,0.9912769198417664,-0.018376469612121582,30.569973591345402
Mets_019,strength_0.10,0.985338568687439,0.9883260130882263,0.980713427066803,-0.010048508644104004,31.14006190591619
Mets_019,strength_1.00,0.988536536693573,0.9937072992324829,0.9848242402076721,-0.04025822877883911,28.40779591524081
Mets_020,default,0.9680402278900146,0.9813065528869629,0.9815793633460999,-0.023150235414505005,32.65095293531038
Mets_020,no_clip,0.9494263529777527,0.9798349738121033,0.9641498327255249,-0.0686776340007782,26.492342344213974
Mets_020,clip_0.04,0.9694616794586182,0.979606568813324,0.9797513484954834,-0.016885817050933838,33.49416586487559
Mets_020,clip_0.15,0.9604542851448059,0.9799101948738098,0.982927143573761,-0.03417351841926575,30.986070143919243
Mets_020,no_detail,0.9584228992462158,0.97505784034729,0.9803324937820435,-0.02994823455810547,30.76537885614247
Mets_020,no_expo_reduce,0.9692861437797546,0.9816314578056335,0.9854862093925476,-0.01963105797767639,33.82107700931064
Mets_020,no_contour_lock,0.9648256897926331,0.9813065528869629,0.9906541109085083,-0.023145616054534912,32.650954797053835
Mets_020,strength_0.10,0.969308614730835,0.978798508644104,0.9785686731338501,-0.014212727546691895,33.787829781182296
Mets_020,strength_1.00,0.9482885003089905,0.9730743765830994,0.9880138635635376,-0.04678335785865784,29.20698041607214
Mets_021,default,0.9872334003448486,0.9898592829704285,0.9798447489738464,-0.024941742420196533,30.540755274296046
Mets_021,no_clip,0.987342357635498,0.9907627701759338,0.9663444757461548,-0.11872559785842896,22.842075743605918
Mets_021,clip_0.04,0.9866262078285217,0.9887543320655823,0.9787479043006897,-0.018508076667785645,31.024968477658383
Mets_021,clip_0.15,0.9876377582550049,0.9907627701759338,0.9810585379600525,-0.03632700443267822,29.499140393952118
Mets_021,no_detail,0.9840242862701416,0.9868618845939636,0.9777141213417053,-0.03313702344894409,28.5954126004116
Mets_021,no_expo_reduce,0.9873080849647522,0.9898592829704285,0.9826338291168213,-0.02080446481704712,31.46120077433768
Mets_021,no_contour_lock,0.9798927307128906,0.9898592829704285,0.9907135963439941,-0.024941742420196533,30.540755274296046
Mets_021,strength_0.10,0.9862321019172668,0.988213837146759,0.9781194925308228,-0.015761613845825195,31.19039033978676
Mets_021,strength_1.00,0.989163875579834,0.9940568804740906,0.9838506579399109,-0.049362897872924805,28.260493943438483
Mets_022,default,0.9842361807823181,0.991798460483551,0.9822225570678711,-0.01993301510810852,31.364909617870417
Mets_022,no_clip,0.9842268228530884,0.9929879307746887,0.9722256064414978,-0.08718940615653992,24.70189706427722
Mets_022,clip_0.04,0.983388364315033,0.9907233715057373,0.9809345602989197,-0.013769358396530151,31.88162420045835
Mets_022,clip_0.15,0.9848362803459167,0.9929879307746887,0.9836567044258118,-0.030809223651885986,30.219031065775592
Mets_022,no_detail,0.9793044328689575,0.9891547560691833,0.980094850063324,-0.026060640811920166,29.40027368841692
Mets_022,no_expo_reduce,0.9844127297401428,0.9917986392974854,0.9847928881645203,-0.01681387424468994,32.26765891866145
Mets_022,no_contour_lock,0.9797452688217163,0.991798460483551,0.9909364581108093,-0.01993301510810852,31.364909617870417
Mets_022,strength_0.10,0.9828711748123169,0.9901191592216492,0.9802066683769226,-0.011137932538986206,32.05071007478575
Mets_022,strength_1.00,0.9861494302749634,0.9937888383865356,0.9866617918014526,-0.04316514730453491,28.84472080637218
Mets_023,default,0.9881530404090881,0.9913153648376465,0.980708122253418,-0.019644081592559814,31.65944339154667
Mets_023,no_clip,0.9875102639198303,0.9921704530715942,0.9663649201393127,-0.08736437559127808,24.4740728118421
Mets_023,clip_0.04,0.9876082539558411,0.9901809692382812,0.979487955570221,-0.013578742742538452,32.26110249809982
Mets_023,clip_0.15,0.9882469177246094,0.9921704530715942,0.9818176627159119,-0.03035658597946167,30.37418228261416
Mets_023,no_detail,0.9849122166633606,0.9895095825195312,0.9774041175842285,-0.02533826231956482,29.61490012684156
Mets_023,no_expo_reduce,0.9882927536964417,0.9913621544837952,0.9837836027145386,-0.016759663820266724,32.640324692977984
Mets_023,no_contour_lock,0.9824596643447876,0.9913153648376465,0.9911705851554871,-0.019644081592559814,31.65944339154667
Mets_023,strength_0.10,0.987204372882843,0.9897880554199219,0.9787341952323914,-0.010991871356964111,32.46209131392835
Mets_023,strength_1.00,0.9893524050712585,0.9940287470817566,0.9851118922233582,-0.042524099349975586,28.89788374302906
Mets_024,default,0.9875130653381348,0.992992639541626,0.9804331064224243,-0.021773934364318848,30.77737169565205
Mets_024,no_clip,0.9873050451278687,0.9934782385826111,0.9655817151069641,-0.10958346724510193,23.032288319109067
Mets_024,clip_0.04,0.9870260953903198,0.9922404289245605,0.9792143106460571,-0.015243828296661377,31.262267826523782
Mets_024,clip_0.15,0.9877527356147766,0.9934782385826111,0.9818500280380249,-0.033299148082733154,29.70875802807154
Mets_024,no_detail,0.984258770942688,0.9910901188850403,0.9778931140899658,-0.027505576610565186,28.818499648639424
Mets_024,no_expo_reduce,0.9876131415367126,0.992992639541626,0.9835792779922485,-0.01798069477081299,31.72740551090172
Mets_024,no_contour_lock,0.9811952114105225,0.992992639541626,0.990485668182373,-0.021773934364318848,30.77737169565205
Mets_024,strength_0.10,0.9866886138916016,0.9918429255485535,0.9785284399986267,-0.012454330921173096,31.423015231991943
Mets_024,strength_1.00,0.9889063239097595,0.9949644207954407,0.9847631454467773,-0.046412765979766846,28.423756156671182
Mets_025,default,0.9882042407989502,0.9905596971511841,0.9785723090171814,-0.021383166313171387,30.025290366914128
Mets_025,no_clip,0.9882792234420776,0.9913605451583862,0.9651752710342407,-0.11709439754486084,22.669784837085174
Mets_025,clip_0.04,0.9876716732978821,0.9895074963569641,0.9771304130554199,-0.01488405466079712,30.404534539759716
Mets_025,clip_0.15,0.988532543182373,0.9913605451583862,0.980396032333374,-0.032849252223968506,29.15190446877625
Mets_025,no_detail,0.9852052927017212,0.9877468943595886,0.9750950336456299,-0.027993321418762207,28.198816710224612
Mets_025,no_expo_reduce,0.9882690906524658,0.9905596971511841,0.9820849895477295,-0.017516016960144043,30.93936922850584
Mets_025,no_contour_lock,0.9807461500167847,0.9905596971511841,0.990017294883728,-0.021383166313171387,30.025290366914128
Mets_025,strength_0.10,0.9873237609863281,0.9891424775123596,0.9763686656951904,-0.01210927963256836,30.5268213585931
Mets_025,strength_1.00,0.9899803400039673,0.9934512972831726,0.9835999011993408,-0.0458521842956543,28.060580940627826
Mets_026,default,0.9871962666511536,0.9923444390296936,0.9800670146942139,-0.024118751287460327,31.63344552378738
Mets_026,no_clip,0.9858617782592773,0.9927599430084229,0.9647626876831055,-0.08809894323348999,24.660606844822585
Mets_026,clip_0.04,0.986480176448822,0.9911426901817322,0.97837233543396,-0.017743796110153198,32.34156205282935
Mets_026,clip_0.15,0.987136960029602,0.9927599430084229,0.9816259741783142,-0.035351336002349854,30.18921040108111
Mets_026,no_detail,0.9836532473564148,0.9887372851371765,0.9764869809150696,-0.03196653723716736,29.684175404466533
Mets_026,no_expo_reduce,0.9874103665351868,0.9923657774925232,0.9838684797286987,-0.020029127597808838,32.772967531356755
Mets_026,no_contour_lock,0.9817265272140503,0.9923444390296936,0.9909422993659973,-0.02404487133026123,31.63344552378738
Mets_026,strength_0.10,0.9859557747840881,0.9904895424842834,0.977321982383728,-0.015021711587905884,32.58583711123877
Mets_026,strength_1.00,0.9878905415534973,0.9934656023979187,0.9861796498298645,-0.04815647006034851,28.597986945654714
Mets_027,default,0.987925112247467,0.9909402132034302,0.9789757132530212,-0.02621638774871826,30.031739347424548
Mets_027,no_clip,0.9881830215454102,0.9916769862174988,0.9635742902755737,-0.12977737188339233,21.927721809643472
Mets_027,clip_0.04,0.9874139428138733,0.9897141456604004,0.977978527545929,-0.019698143005371094,30.486133124360983
Mets_027,clip_0.15,0.9883219003677368,0.9916769862174988,0.9801137447357178,-0.03772085905075073,29.059728458483818
Mets_027,no_detail,0.9850703477859497,0.9880462884902954,0.9773960113525391,-0.03506791591644287,27.913578731350512
Mets_027,no_expo_reduce,0.9879636168479919,0.9909402132034302,0.9823788404464722,-0.021263301372528076,31.074782246389987
Mets_027,no_contour_lock,0.9799373149871826,0.9909402132034302,0.9893624186515808,-0.02621638774871826,30.031739347424548
Mets_027,strength_0.10,0.987095057964325,0.9892466068267822,0.9774312973022461,-0.016916632652282715,30.64449105779255
Mets_027,strength_1.00,0.989780843257904,0.994232714176178,0.9825240969657898,-0.05083221197128296,27.895747018077458
Mets_028,default,0.9824680089950562,0.9873876571655273,0.982401967048645,-0.020389258861541748,30.72547213150528
Mets_028,no_clip,0.9828492999076843,0.9882139563560486,0.973887026309967,-0.0935678780078888,24.094144452022988
Mets_028,clip_0.04,0.9816614985466003,0.9861313104629517,0.9813961386680603,-0.014401018619537354,31.157503340568006
Mets_028,clip_0.15,0.9831908941268921,0.9882139563560486,0.9835745692253113,-0.03095376491546631,29.76544538742598
Mets_028,no_detail,0.9771409034729004,0.9835681915283203,0.980513334274292,-0.027057290077209473,28.701209606956457
Mets_028,no_expo_reduce,0.9826162457466125,0.9874131679534912,0.9845466017723083,-0.016830086708068848,31.587074924780275
Mets_028,no_contour_lock,0.977138876914978,0.9873876571655273,0.9909813404083252,-0.020389258861541748,30.72547213150528
Mets_028,strength_0.10,0.9811909794807434,0.9857550859451294,0.980842113494873,-0.011844217777252197,31.30225429615074
Mets_028,strength_1.00,0.9848485589027405,0.9901774525642395,0.9859964847564697,-0.04294848442077637,28.591112376439774
Mets_029,default,0.9776200652122498,0.9850698113441467,0.9819600582122803,-0.020656585693359375,32.82608128714408
Mets_029,no_clip,0.9692316055297852,0.9845616221427917,0.9686563611030579,-0.06612572073936462,26.496928386678682
Mets_029,clip_0.04,0.977264940738678,0.983018696308136,0.9803272485733032,-0.014686137437820435,33.67115991372743
Mets_029,clip_0.15,0.9751412272453308,0.9845616221427917,0.9830178618431091,-0.03118300437927246,31.125134711161564
Mets_029,no_detail,0.9699959754943848,0.9784639477729797,0.9788836240768433,-0.02664586901664734,30.826569810906335
Mets_029,no_expo_reduce,0.9784281253814697,0.9852181673049927,0.9853696227073669,-0.017774760723114014,33.89413892084144
Mets_029,no_contour_lock,0.9744008183479309,0.9850698113441467,0.9907318353652954,-0.02065172791481018,32.82608128714408
Mets_029,strength_0.10,0.9766836166381836,0.9820325374603271,0.9792365431785583,-0.01213875412940979,33.95981821902395
Mets_029,strength_1.00,0.970439612865448,0.9833685755729675,0.9878496527671814,-0.04321548342704773,29.307584238559027
Mets_030,default,0.9798427820205688,0.9848646521568298,0.9810886383056641,-0.02202555537223816,32.07110671410473
Mets_030,no_clip,0.9763030409812927,0.984279215335846,0.967157244682312,-0.08059477806091309,25.238230209957386
Mets_030,clip_0.04,0.9794390201568604,0.9842565655708313,0.979449450969696,-0.01582127809524536,32.765175584933615
Mets_030,clip_0.15,0.978917121887207,0.9843300580978394,0.9825709462165833,-0.03296974301338196,30.63554258656452
Mets_030,no_detail,0.9746440649032593,0.9814571142196655,0.9796971678733826,-0.029208630323410034,30.294818815183287
Mets_030,no_expo_reduce,0.9803428649902344,0.9851439595222473,0.9841607213020325,-0.018542826175689697,33.1084087944231
Mets_030,no_contour_lock,0.9755856394767761,0.9848646521568298,0.9912290573120117,-0.022010594606399536,32.07110752863113
Mets_030,strength_0.10,0.9789931178092957,0.9840397238731384,0.9784566760063171,-0.013173520565032959,33.00171026658875
Mets_030,strength_1.00,0.9780553579330444,0.9851611852645874,0.9867916107177734,-0.04545333981513977,29.039120875473913
Mets_031,default,0.9829085469245911,0.988153874874115,0.9817869663238525,-0.02087801694869995,29.439335630626232
Mets_031,no_clip,0.9832720756530762,0.9890455603599548,0.9685571789741516,-0.11075639724731445,22.455588573092882
Mets_031,clip_0.04,0.9822763800621033,0.9872148036956787,0.9808974266052246,-0.014538049697875977,29.785691138399095
Mets_031,clip_0.15,0.9834697246551514,0.9890455603599548,0.9829082489013672,-0.03205376863479614,28.64623540421598
Mets_031,no_detail,0.9779418706893921,0.9841709733009338,0.9805914163589478,-0.02673393487930298,27.535349433351502
Mets_031,no_expo_reduce,0.982999861240387,0.988153874874115,0.9849082827568054,-0.01661437749862671,30.406864813016583
Mets_031,no_contour_lock,0.9760222434997559,0.9881303310394287,0.9905123114585876,-0.02087801694869995,29.439335630626232
Mets_031,strength_0.10,0.9818974137306213,0.9868395924568176,0.9804192781448364,-0.011830031871795654,29.899753399511336
Mets_031,strength_1.00,0.9850060939788818,0.9917343258857727,0.9849618673324585,-0.04473835229873657,27.638106359581947
Mets_032,default,0.9840646982192993,0.9859408140182495,0.9803848266601562,-0.023704230785369873,29.948238742755553
Mets_032,no_clip,0.9845291972160339,0.9870458841323853,0.9669345021247864,-0.1257234811782837,22.226590782656103
Mets_032,clip_0.04,0.9833875298500061,0.9849905967712402,0.9794155359268188,-0.017104744911193848,30.352145862901317
Mets_032,clip_0.15,0.9846901893615723,0.9870458841323853,0.9815313816070557,-0.03534907102584839,29.050636281964813
Mets_032,no_detail,0.979569673538208,0.9827353358268738,0.9771003127098083,-0.03114485740661621,27.854720643816762
Mets_032,no_expo_reduce,0.9841283559799194,0.9859408140182495,0.9831880331039429,-0.019361436367034912,30.851330251961922
Mets_032,no_contour_lock,0.976684033870697,0.9859408140182495,0.990363359451294,-0.023704230785369873,29.948238742755553
Mets_032,strength_0.10,0.9829815030097961,0.984503984451294,0.9788722991943359,-0.014288127422332764,30.487552680146884
Mets_032,strength_1.00,0.9864270091056824,0.9895748496055603,0.9839355945587158,-0.04858940839767456,27.947766954726966
Mets_033,default,0.985767662525177,0.9895846247673035,0.9814701080322266,-0.020926356315612793,30.08767109285495
Mets_033,no_clip,0.9860373139381409,0.9905979037284851,0.9697859287261963,-0.11961120367050171,22.362806136507384
Mets_033,clip_0.04,0.9851874709129333,0.9887948632240295,0.9804671406745911,-0.014499843120574951,30.491662392600194
Mets_033,clip_0.15,0.9862278699874878,0.9905979037284851,0.9826370477676392,-0.03227192163467407,29.18065131751403
Mets_033,no_detail,0.9819517135620117,0.9862836599349976,0.9780735969543457,-0.02778923511505127,28.013460059382993
Mets_033,no_expo_reduce,0.9858344197273254,0.9895846247673035,0.9840897917747498,-0.01713794469833374,30.988743612282622
Mets_033,no_contour_lock,0.9785574674606323,0.9895846247673035,0.9908756017684937,-0.020926356315612793,30.08767109285495
Mets_033,strength_0.10,0.9848173260688782,0.9881789684295654,0.9799038767814636,-0.011756837368011475,30.625335953055192
Mets_033,strength_1.00,0.9877858757972717,0.9929291605949402,0.9850698113441467,-0.04518234729766846,28.059727027325746
Mets_034,default,0.9837939143180847,0.9907228946685791,0.9812086224555969,-0.022378921508789062,29.862991146419233
Mets_034,no_clip,0.9844202399253845,0.9916539788246155,0.9676184058189392,-0.10828730463981628,22.69812166513972
Mets_034,clip_0.04,0.9829696416854858,0.9897214770317078,0.9801144003868103,-0.016005277633666992,30.289519554754207
Mets_034,clip_0.15,0.9845933318138123,0.9916539788246155,0.9825058579444885,-0.033587872982025146,28.93336337931413
Mets_034,no_detail,0.9788954257965088,0.9875558614730835,0.978507399559021,-0.02961939573287964,27.8341810052601
Mets_034,no_expo_reduce,0.9838650226593018,0.9907469749450684,0.9840612411499023,-0.017439186573028564,30.892725497871773
Mets_034,no_contour_lock,0.976671040058136,0.9907228946685791,0.9906126856803894,-0.022378921508789062,29.862991146419233
Mets_034,strength_0.10,0.9824892282485962,0.9893168807029724,0.9795156121253967,-0.013279855251312256,30.435113551870806
Mets_034,strength_1.00,0.9863934516906738,0.9943616390228271,0.9850940704345703,-0.04627352952957153,27.806654278461505
Mets_035,default,0.9800898432731628,0.987095296382904,0.980388879776001,-0.020799845457077026,31.933347488104758
Mets_035,no_clip,0.9779969453811646,0.9877585172653198,0.9672680497169495,-0.07610419392585754,25.63795082827143
Mets_035,clip_0.04,0.9793348908424377,0.9857738018035889,0.9788698554039001,-0.014691472053527832,32.566367578007004
Mets_035,clip_0.15,0.9798670411109924,0.9877840280532837,0.9817984104156494,-0.03155183792114258,30.58265526936164
Mets_035,no_detail,0.9747756719589233,0.9826012253761292,0.9792474508285522,-0.02683773636817932,30.108613977528258
Mets_035,no_expo_reduce,0.9804991483688354,0.9870956540107727,0.983572244644165,-0.01765918731689453,32.8838226589987
Mets_035,no_contour_lock,0.9759646654129028,0.987095296382904,0.990716278553009,-0.020799845457077026,31.933349460842308
Mets_035,strength_0.10,0.9787665605545044,0.9853770136833191,0.9779562950134277,-0.012082099914550781,32.77678394856637
Mets_035,strength_1.00,0.9801677465438843,0.9875956177711487,0.9857644438743591,-0.043793439865112305,29.057510398940828
Mets_036,default,0.9792547225952148,0.9828240275382996,0.9810340404510498,-0.02218887209892273,30.918448615731094
Mets_036,no_clip,0.9794306755065918,0.9840805530548096,0.9680245518684387,-0.08725088834762573,24.456975378805453
Mets_036,clip_0.04,0.9780730605125427,0.9811547994613647,0.9798212647438049,-0.016091853380203247,31.41029823830703
Mets_036,clip_0.15,0.9801138639450073,0.9840805530548096,0.9824560880661011,-0.032908886671066284,29.838792755548198
Mets_036,no_detail,0.9720274209976196,0.9746909737586975,0.9812238216400146,-0.029671579599380493,28.95143070658872
Mets_036,no_expo_reduce,0.9794506430625916,0.9829556941986084,0.9843637347221375,-0.018096983432769775,31.914823200204786
Mets_036,no_contour_lock,0.9750480651855469,0.9828240275382996,0.9893823266029358,-0.02218887209892273,30.91845017736562
Mets_036,strength_0.10,0.9773937463760376,0.9802335500717163,0.9791584610939026,-0.013487040996551514,31.575602645025786
Mets_036,strength_1.00,0.9817026853561401,0.9862611293792725,0.9852629899978638,-0.045072734355926514,28.55530755011641
Mets_037,default,0.9851380586624146,0.9891701936721802,0.9799588322639465,-0.02643972635269165,29.896991063599273
Mets_037,no_clip,0.9857021570205688,0.9896352291107178,0.9673806428909302,-0.12132018804550171,22.492864717504148
Mets_037,clip_0.04,0.9844375848770142,0.9883599281311035,0.9789787530899048,-0.020054280757904053,30.31475664494753
Mets_037,clip_0.15,0.9857921004295349,0.9896352291107178,0.9810147285461426,-0.03769659996032715,28.991442271517972
Mets_037,no_detail,0.9805107712745667,0.985931932926178,0.9756246209144592,-0.0353962779045105,27.684669058355816
Mets_037,no_expo_reduce,0.9851858615875244,0.9891701936721802,0.9830295443534851,-0.021012961864471436,30.93705217520972
Mets_037,no_contour_lock,0.9768504500389099,0.9891701936721802,0.9901743531227112,-0.02643972635269165,29.896991063599273
Mets_037,strength_0.10,0.9840127825737,0.9878197312355042,0.9784054160118103,-0.01732701063156128,30.45781092643736
Mets_037,strength_1.00,0.9875226616859436,0.9918026924133301,0.9834583401679993,-0.050464749336242676,27.902535090239038
Mets_038,default,0.9881109595298767,0.9916636943817139,0.979011595249176,-0.02351558208465576,31.630919891373214
Mets_038,no_clip,0.9874128103256226,0.9924236536026001,0.9661267399787903,-0.09830477833747864,24.14712992557515
Mets_038,clip_0.04,0.9875687956809998,0.9903439879417419,0.9775524139404297,-0.01722782850265503,32.28508243886767
Mets_038,clip_0.15,0.9881644248962402,0.9924236536026001,0.980330228805542,-0.03461238741874695,30.304066287279937
Mets_038,no_detail,0.9852003455162048,0.9898350834846497,0.9749659299850464,-0.03141358494758606,29.572474475475573
Mets_038,no_expo_reduce,0.9882355332374573,0.9917149543762207,0.9823269248008728,-0.019843697547912598,32.68717061664523
Mets_038,no_contour_lock,0.9813101887702942,0.9916636943817139,0.9904687404632568,-0.023506462574005127,31.630919891373214
Mets_038,strength_0.10,0.9871600866317749,0.9899385571479797,0.9766457080841064,-0.014543890953063965,32.51470825328557
Mets_038,strength_1.00,0.9893208146095276,0.995051920413971,0.984417736530304,-0.04726976156234741,28.834015888125464
Mets_039,default,0.9866713881492615,0.990220844745636,0.9809481501579285,-0.019030094146728516,29.48176148670346
Mets_039,no_clip,0.9871037602424622,0.9906615018844604,0.9713325500488281,-0.09443780779838562,23.161181090931358
Mets_039,clip_0.04,0.9859254360198975,0.9889159798622131,0.9796723127365112,-0.012934684753417969,29.839716026361994
Mets_039,clip_0.15,0.9873064160346985,0.9906615018844604,0.9825214743614197,-0.029731452465057373,28.661573279176803
Mets_039,no_detail,0.9831056594848633,0.9875708222389221,0.9786068797111511,-0.02569448947906494,27.612692618472575
Mets_039,no_expo_reduce,0.9867225289344788,0.990220844745636,0.9838101863861084,-0.014852762222290039,30.442937699886976
Mets_039,no_contour_lock,0.9794078469276428,0.990220844745636,0.9908902645111084,-0.019020795822143555,29.48176148670346
Mets_039,strength_0.10,0.9854758381843567,0.9883642792701721,0.9789881706237793,-0.010327041149139404,29.95622611873533
Mets_039,strength_1.00,0.9890657067298889,0.9931483864784241,0.9853748083114624,-0.04180938005447388,27.63548034690428
Mets_040,default,0.985710859298706,0.9907559752464294,0.9810874462127686,-0.020609170198440552,32.114741887936574
Mets_040,no_clip,0.98443204164505,0.9917404055595398,0.9697960019111633,-0.08022451400756836,25.183274296683283
Mets_040,clip_0.04,0.9850489497184753,0.9892880916595459,0.9797061085700989,-0.01449635624885559,32.830892517136505
Mets_040,clip_0.15,0.9856623411178589,0.9917661547660828,0.9822105169296265,-0.03139498829841614,30.652832171918135
Mets_040,no_detail,0.9814093708992004,0.9868757724761963,0.9774916172027588,-0.027188271284103394,30.0237192684169
Mets_040,no_expo_reduce,0.9859583377838135,0.9908586740493774,0.9838532209396362,-0.017392069101333618,33.122862743370575
Mets_040,no_contour_lock,0.9810323119163513,0.9907559752464294,0.9910123348236084,-0.020601749420166016,32.114741887936574
Mets_040,strength_0.10,0.9845624566078186,0.9887329936027527,0.9788249731063843,-0.011887609958648682,33.0779088926697
Mets_040,strength_1.00,0.9862360954284668,0.9930028319358826,0.9861358404159546,-0.04370015859603882,29.037116642343715
Mets_041,default,0.98493492603302,0.9897421598434448,0.9817104339599609,-0.01985955238342285,30.49563516896661
Mets_041,no_clip,0.9854779839515686,0.9907990097999573,0.9710339903831482,-0.09259381890296936,23.86239659711045
Mets_041,clip_0.04,0.9841504096984863,0.9891058802604675,0.9807573556900024,-0.014127373695373535,30.916457676162917
Mets_041,clip_0.15,0.9856202602386475,0.9907990097999573,0.9827566146850586,-0.02995055913925171,29.56534591349863
Mets_041,no_detail,0.9800623655319214,0.9874120354652405,0.9788413047790527,-0.026754260063171387,28.377239457229276
Mets_041,no_expo_reduce,0.9850083589553833,0.9897670149803162,0.9843565225601196,-0.016413390636444092,31.38092329166801
Mets_041,no_contour_lock,0.9781357645988464,0.9897421598434448,0.9910458326339722,-0.01985955238342285,30.49563516896661
Mets_041,strength_0.10,0.9836841821670532,0.988517165184021,0.9802120327949524,-0.0116768479347229,31.057568289812036
Mets_041,strength_1.00,0.9872357845306396,0.9928943514823914,0.985163688659668,-0.04139256477355957,28.43276122118472
Mets_042,default,0.9873552918434143,0.9910629987716675,0.9803386330604553,-0.022858738899230957,30.492311009436563
Mets_042,no_clip,0.9876300096511841,0.991658627986908,0.9690027236938477,-0.10042724013328552,23.598716926565327
Mets_042,clip_0.04,0.9866832494735718,0.989811897277832,0.9791723489761353,-0.016897857189178467,30.94735802347096
Mets_042,clip_0.15,0.987872302532196,0.991658627986908,0.9816398620605469,-0.033367693424224854,29.499600393320794
Mets_042,no_detail,0.983618974685669,0.9876108169555664,0.9764052629470825,-0.03155648708343506,28.3851932468113
Mets_042,no_expo_reduce,0.9874094724655151,0.9910830855369568,0.983113169670105,-0.018666505813598633,31.448364581423924
Mets_042,no_contour_lock,0.9804195165634155,0.9910629987716675,0.9902535080909729,-0.022858738899230957,30.492311009436563
Mets_042,strength_0.10,0.9862660765647888,0.9892572164535522,0.9785106182098389,-0.01435244083404541,31.100978366264886
Mets_042,strength_1.00,0.989556610584259,0.9942947030067444,0.9844943881034851,-0.04528611898422241,28.31413570991144
Mets_043,default,0.9831446409225464,0.9875534772872925,0.9823285341262817,-0.01958867907524109,30.264182452425302
Mets_043,no_clip,0.9829952716827393,0.9883624315261841,0.9707127809524536,-0.07984313368797302,24.54037880131461
Mets_043,clip_0.04,0.9823995232582092,0.9863594770431519,0.9812924265861511,-0.013801425695419312,30.68001959244544
Mets_043,clip_0.15,0.9835746884346008,0.9883624315261841,0.9835100173950195,-0.029756218194961548,29.334598200647463
Mets_043,no_detail,0.9792460799217224,0.9843169450759888,0.9835081696510315,-0.02626386284828186,28.64987806420221
Mets_043,no_expo_reduce,0.9833065867424011,0.9875534772872925,0.9848248958587646,-0.016053438186645508,31.14553258011423
Mets_043,no_contour_lock,0.9777926206588745,0.9875534772872925,0.9915019869804382,-0.01958867907524109,30.264182452425302
Mets_043,strength_0.10,0.9819170236587524,0.9859259724617004,0.9807037711143494,-0.01132860779762268,30.817209926833552
Mets_043,strength_1.00,0.9851590991020203,0.9908990263938904,0.9859760403633118,-0.041262537240982056,28.20435907205504
Mets_044,default,0.9861434698104858,0.9906489253044128,0.981891930103302,-0.020542562007904053,30.731440826504503
Mets_044,no_clip,0.9864629507064819,0.9914431571960449,0.9697647094726562,-0.10240307450294495,23.364581544028656
Mets_044,clip_0.04,0.9855170249938965,0.9895758628845215,0.9809207916259766,-0.014409899711608887,31.18330768996686
Mets_044,clip_0.15,0.9866748452186584,0.9914431571960449,0.9829568266868591,-0.03134918212890625,29.729408016357254
Mets_044,no_detail,0.9820311665534973,0.9870691299438477,0.9786285161972046,-0.026041626930236816,28.686005565140007
Mets_044,no_expo_reduce,0.9862239956855774,0.9906489253044128,0.9841927289962769,-0.017004787921905518,31.632120497163314
Mets_044,no_contour_lock,0.9795214533805847,0.9906489253044128,0.9914197325706482,-0.020542562007904053,30.731440826504503
Mets_044,strength_0.10,0.9851213693618774,0.9890402555465698,0.9803457856178284,-0.011790156364440918,31.3324697598128
Mets_044,strength_1.00,0.9881775975227356,0.9936405420303345,0.9854397177696228,-0.04360896348953247,28.516038262479615
Mets_045,default,0.9878091812133789,0.9925821423530579,0.9798228740692139,-0.021311193704605103,31.17716400427097
Mets_045,no_clip,0.9871478080749512,0.9932800531387329,0.9665824174880981,-0.08622238039970398,24.474241939454814
Mets_045,clip_0.04,0.9872532486915588,0.9915338158607483,0.978456974029541,-0.015394538640975952,31.726939331578528
Mets_045,clip_0.15,0.9878563284873962,0.9932800531387329,0.9812272191047668,-0.03174746036529541,30.004380370899103
Mets_045,no_detail,0.9847821593284607,0.9906706809997559,0.9775169491767883,-0.028932034969329834,29.236988067926994
Mets_045,no_expo_reduce,0.9879398941993713,0.9925821423530579,0.9833661913871765,-0.01781022548675537,32.194848217754966
Mets_045,no_contour_lock,0.982150137424469,0.9925821423530579,0.9905055165290833,-0.021311193704605103,31.17716400427097
Mets_045,strength_0.10,0.9868394732475281,0.9907418489456177,0.977654755115509,-0.012869983911514282,31.912772912707613
Mets_045,strength_1.00,0.9890686273574829,0.9951764941215515,0.984711229801178,-0.043593138456344604,28.647757868880838
Mets_046,default,0.9846023321151733,0.9878969192504883,0.9800716042518616,-0.024244070053100586,30.546051271020005
Mets_046,no_clip,0.9846717119216919,0.988910973072052,0.9642971754074097,-0.10839107632637024,23.137700755331814
Mets_046,clip_0.04,0.983883261680603,0.9869074821472168,0.9789620637893677,-0.017915785312652588,31.033801155118866
Mets_046,clip_0.15,0.9851077198982239,0.988910973072052,0.9813369512557983,-0.03541368246078491,29.4991885992401
Mets_046,no_detail,0.9798924326896667,0.9838194251060486,0.978567898273468,-0.03253734111785889,28.663205930576186
Mets_046,no_expo_reduce,0.9847339987754822,0.9879459142684937,0.9836661219596863,-0.019849419593811035,31.57517137042854
Mets_046,no_contour_lock,0.9785312414169312,0.9878969192504883,0.9903029799461365,-0.024244070053100586,30.546051271020005
Mets_046,strength_0.10,0.9834352135658264,0.9860870242118835,0.9783342480659485,-0.015213727951049805,31.200990353928717
Mets_046,strength_1.00,0.9866694211959839,0.9911876916885376,0.9841288924217224,-0.048113107681274414,28.258640173009933
Mets_047,default,0.9758530855178833,0.9826489686965942,0.9834670424461365,-0.018169790506362915,32.2695645123102
Mets_047,no_clip,0.9718411564826965,0.9824404716491699,0.9706367254257202,-0.0638534426689148,26.446545546812526
Mets_047,clip_0.04,0.9748696684837341,0.9809158444404602,0.9822194576263428,-0.012364983558654785,32.932868570867086
Mets_047,clip_0.15,0.9752106070518494,0.9825522899627686,0.9843933582305908,-0.028340637683868408,30.84600083035022
Mets_047,no_detail,0.9682180285453796,0.9764758348464966,0.9822107553482056,-0.023246824741363525,30.40954939629573
Mets_047,no_expo_reduce,0.9764845371246338,0.9829279184341431,0.9859952926635742,-0.015694230794906616,33.13304017696736
Mets_047,no_contour_lock,0.9723946452140808,0.9826489686965942,0.9917700886726379,-0.018169790506362915,32.2695645123102
Mets_047,strength_0.10,0.9741363525390625,0.9799116253852844,0.9814331531524658,-0.009885817766189575,33.152063325719865
Mets_047,strength_1.00,0.9745186567306519,0.9836056232452393,0.9878575205802917,-0.04005751013755798,29.25999104095887
Mets_048,default,0.9886837005615234,0.9923263192176819,0.9807087779045105,-0.018080592155456543,30.852545193345115
Mets_048,no_clip,0.9888160824775696,0.992955207824707,0.9708609580993652,-0.09744179248809814,23.615279853021587
Mets_048,clip_0.04,0.9882044196128845,0.9917433857917786,0.9797109365463257,-0.01231461763381958,31.303934274637484
Mets_048,clip_0.15,0.989029586315155,0.992955207824707,0.981786847114563,-0.02824944257736206,29.8599666740312
Mets_048,no_detail,0.9859645366668701,0.9902647137641907,0.9759087562561035,-0.023298799991607666,28.6637760540372
Mets_048,no_expo_reduce,0.9887341856956482,0.9923716187477112,0.9829356074333191,-0.015246570110321045,31.696520341227938
Mets_048,no_contour_lock,0.981276273727417,0.9923263192176819,0.9912014007568359,-0.018080592155456543,30.852545193345115
Mets_048,strength_0.10,0.987881600856781,0.9912502765655518,0.9791072010993958,-0.00985187292098999,31.453881149048577
Mets_048,strength_1.00,0.9903223514556885,0.9950048923492432,0.984395444393158,-0.039786696434020996,28.66488938567813
Mets_049,default,0.9844523072242737,0.9883183836936951,0.9805269241333008,-0.02594691514968872,31.081074179598808
Mets_049,no_clip,0.9826599359512329,0.9890724420547485,0.9647260308265686,-0.08648055791854858,24.639561334975717
Mets_049,clip_0.04,0.9838018417358398,0.987285852432251,0.9791045784950256,-0.01986292004585266,31.691830727725655
Mets_049,clip_0.15,0.9842385649681091,0.9891154766082764,0.9818430542945862,-0.03666263818740845,29.83160478057211
Mets_049,no_detail,0.9798391461372375,0.9855038523674011,0.9782990217208862,-0.03519245982170105,29.051138510823904
Mets_049,no_expo_reduce,0.9846763610839844,0.9883828163146973,0.9843557476997375,-0.021244406700134277,32.3400279756132
Mets_049,no_contour_lock,0.9783334136009216,0.9883183836936951,0.9907754063606262,-0.02579239010810852,31.081074179598808
Mets_049,strength_0.10,0.9832888841629028,0.9865686893463135,0.9782356023788452,-0.01726439595222473,31.90622907611662
Mets_049,strength_1.00,0.9845643043518066,0.9904369115829468,0.9856587648391724,-0.048835188150405884,28.428307756403605
Mets_050,default,0.9828899502754211,0.9892668128013611,0.9797769784927368,-0.02489367127418518,31.24880897724426
Mets_050,no_clip,0.9812614321708679,0.9897177815437317,0.962295413017273,-0.09289354085922241,24.108697717697062
Mets_050,clip_0.04,0.9822929501533508,0.9878672361373901,0.9783350229263306,-0.01837596297264099,31.884273048177537
Mets_050,clip_0.15,0.9827143549919128,0.9897668957710266,0.9812728762626648,-0.03636088967323303,29.947523880744043
Mets_050,no_detail,0.9776367545127869,0.9846281409263611,0.9776926636695862,-0.03263038396835327,29.200217357480618
Mets_050,no_expo_reduce,0.9831923842430115,0.9893648028373718,0.9840513467788696,-0.020191878080368042,32.47723342121906
Mets_050,no_contour_lock,0.9783833026885986,0.9892668128013611,0.9894105792045593,-0.02489367127418518,31.24880897724426
Mets_050,strength_0.10,0.9818217754364014,0.9873129725456238,0.9774714112281799,-0.01559111475944519,32.1069812298482
Mets_050,strength_1.00,0.9833142161369324,0.9906198978424072,0.9850847721099854,-0.04938969016075134,28.483575088869305
Mets_051,default,0.9880338311195374,0.9903287887573242,0.9783645272254944,-0.02310854196548462,30.703315000663874
Mets_051,no_clip,0.9881802201271057,0.9910181760787964,0.9647752642631531,-0.11327064037322998,22.867418129227314
Mets_051,clip_0.04,0.9875178337097168,0.9892443418502808,0.9771802425384521,-0.0170477032661438,31.19814605211859
Mets_051,clip_0.15,0.9883819222450256,0.9910181760787964,0.9796962738037109,-0.03379511833190918,29.648717154092417
Mets_051,no_detail,0.9850502014160156,0.9870055913925171,0.9751911163330078,-0.03166794776916504,28.644529929879216
Mets_051,no_expo_reduce,0.9880966544151306,0.9903537034988403,0.9812086820602417,-0.019140422344207764,31.680036682310295
Mets_051,no_contour_lock,0.9798072576522827,0.9903287887573242,0.9901338815689087,-0.02310854196548462,30.703315000663874
Mets_051,strength_0.10,0.9871749877929688,0.9888015389442444,0.9765104055404663,-0.014461338520050049,31.36823559361636
Mets_051,strength_1.00,0.989851713180542,0.9940428733825684,0.9826439023017883,-0.045891404151916504,28.416604990394458
